"","id","date","aspect","site_id","elevation_m_asl","plant_id","species","traits","value"
"1","FBC0289","12/05/2023","west",2,2200,3,"Eragrostis capensis","root_depth",16
"2","FBC0289","12/05/2023","west",2,2200,3,"Eragrostis capensis","no_root_scan",5
"3","FBC0289","12/05/2023","west",2,2200,3,"Eragrostis capensis","root_wet_mass",0.0527
"4","FBC0289","12/05/2023","west",2,2200,3,"Eragrostis capensis","root_dry_mass",0.0183
"5","FBC0289","12/05/2023","west",2,2200,3,"Eragrostis capensis","total_root_length",1185.77074
"6","FBC0289","12/05/2023","west",2,2200,3,"Eragrostis capensis","total_root_volume",96.305368
"7","FBC0289","12/05/2023","west",2,2200,3,"Eragrostis capensis","rd",0.291187
"8","FBC0289","12/05/2023","west",2,2200,3,"Eragrostis capensis","bi",0.45034
"9","FBC0289","12/05/2023","west",2,2200,3,"Eragrostis capensis","srl",64.7962153005465
"10","FBC0289","12/05/2023","west",2,2200,3,"Eragrostis capensis","rtd",0.190020560432312
"11","FBC0289","12/05/2023","west",2,2200,3,"Eragrostis capensis","rdmc",347.248576850095
"12","FBC0289","12/05/2023","west",2,2200,3,"Eragrostis capensis","tuber_wet_mass",NA
"13","FBC0289","12/05/2023","west",2,2200,3,"Eragrostis capensis","tuber_dry_mass",NA
"14","FBC0289","12/05/2023","west",2,2200,3,"Eragrostis capensis","reproductive_height",32.8
"15","FBC0289","12/05/2023","west",2,2200,3,"Eragrostis capensis","veg_height",15
"16","FBC0289","12/05/2023","west",2,2200,3,"Eragrostis capensis","no_leaves",5
"17","FBC0289","12/05/2023","west",2,2200,3,"Eragrostis capensis","leaf_wet_mass",0.193
"18","FBC0289","12/05/2023","west",2,2200,3,"Eragrostis capensis","leaf_dry_mass",0.0663
"19","FBC0289","12/05/2023","west",2,2200,3,"Eragrostis capensis","leaf_area",10.324
"20","FBC0289","12/05/2023","west",2,2200,3,"Eragrostis capensis","sla",155.716440422323
"21","FBC0289","12/05/2023","west",2,2200,3,"Eragrostis capensis","leaf_thickness",0.187333333333333
"22","FBC0289","12/05/2023","west",2,2200,3,"Eragrostis capensis","ldmc",0.343523316062176
"23","FBC0289","12/05/2023","west",2,2200,3,"Eragrostis capensis","bgb_agb",14.431829700963
"24","FBC0289","12/05/2023","west",2,2200,3,"Eragrostis capensis","aboveground_biomass",0.5919
"25","FBC0289","12/05/2023","west",2,2200,3,"Eragrostis capensis","belowground_biomass",8.5422
"26","FBD8952","12/08/2023","northwest",5,2800,1,"Senecio glaberrimus","root_depth",12.7
"27","FBD8952","12/08/2023","northwest",5,2800,1,"Senecio glaberrimus","no_root_scan",5
"28","FBD8952","12/08/2023","northwest",5,2800,1,"Senecio glaberrimus","root_wet_mass",0.0496
"29","FBD8952","12/08/2023","northwest",5,2800,1,"Senecio glaberrimus","root_dry_mass",0.01543
"30","FBD8952","12/08/2023","northwest",5,2800,1,"Senecio glaberrimus","total_root_length",765.949089
"31","FBD8952","12/08/2023","northwest",5,2800,1,"Senecio glaberrimus","total_root_volume",59.193603
"32","FBD8952","12/08/2023","northwest",5,2800,1,"Senecio glaberrimus","rd",0.277175
"33","FBD8952","12/08/2023","northwest",5,2800,1,"Senecio glaberrimus","bi",0.261114
"34","FBD8952","12/08/2023","northwest",5,2800,1,"Senecio glaberrimus","srl",49.6402520414776
"35","FBD8952","12/08/2023","northwest",5,2800,1,"Senecio glaberrimus","rtd",0.260670059229204
"36","FBD8952","12/08/2023","northwest",5,2800,1,"Senecio glaberrimus","rdmc",311.088709677419
"37","FBD8952","12/08/2023","northwest",5,2800,1,"Senecio glaberrimus","tuber_wet_mass",0.598
"38","FBD8952","12/08/2023","northwest",5,2800,1,"Senecio glaberrimus","tuber_dry_mass",0.18462
"39","FBD8952","12/08/2023","northwest",5,2800,1,"Senecio glaberrimus","reproductive_height",34
"40","FBD8952","12/08/2023","northwest",5,2800,1,"Senecio glaberrimus","veg_height",27
"41","FBD8952","12/08/2023","northwest",5,2800,1,"Senecio glaberrimus","no_leaves",1
"42","FBD8952","12/08/2023","northwest",5,2800,1,"Senecio glaberrimus","leaf_wet_mass",0.369
"43","FBD8952","12/08/2023","northwest",5,2800,1,"Senecio glaberrimus","leaf_dry_mass",0.04487
"44","FBD8952","12/08/2023","northwest",5,2800,1,"Senecio glaberrimus","leaf_area",6.056
"45","FBD8952","12/08/2023","northwest",5,2800,1,"Senecio glaberrimus","sla",134.967684421663
"46","FBD8952","12/08/2023","northwest",5,2800,1,"Senecio glaberrimus","leaf_thickness",0.625
"47","FBD8952","12/08/2023","northwest",5,2800,1,"Senecio glaberrimus","ldmc",0.12159891598916
"48","FBD8952","12/08/2023","northwest",5,2800,1,"Senecio glaberrimus","bgb_agb",2.68281938325991
"49","FBD8952","12/08/2023","northwest",5,2800,1,"Senecio glaberrimus","aboveground_biomass",2.27
"50","FBD8952","12/08/2023","northwest",5,2800,1,"Senecio glaberrimus","belowground_biomass",6.09
"51","FBE2394","12/09/2023","west",3,2400,3,"Senecio glaberrimus","root_depth",18.5
"52","FBE2394","12/09/2023","west",3,2400,3,"Senecio glaberrimus","no_root_scan",4
"53","FBE2394","12/09/2023","west",3,2400,3,"Senecio glaberrimus","root_wet_mass",0.0274
"54","FBE2394","12/09/2023","west",3,2400,3,"Senecio glaberrimus","root_dry_mass",0.00644
"55","FBE2394","12/09/2023","west",3,2400,3,"Senecio glaberrimus","total_root_length",583.687821
"56","FBE2394","12/09/2023","west",3,2400,3,"Senecio glaberrimus","total_root_volume",32.369208
"57","FBE2394","12/09/2023","west",3,2400,3,"Senecio glaberrimus","rd",0.24752
"58","FBE2394","12/09/2023","west",3,2400,3,"Senecio glaberrimus","bi",0.476282
"59","FBE2394","12/09/2023","west",3,2400,3,"Senecio glaberrimus","srl",90.6347548136646
"60","FBE2394","12/09/2023","west",3,2400,3,"Senecio glaberrimus","rtd",0.198954512572566
"61","FBE2394","12/09/2023","west",3,2400,3,"Senecio glaberrimus","rdmc",235.036496350365
"62","FBE2394","12/09/2023","west",3,2400,3,"Senecio glaberrimus","tuber_wet_mass",0.5807
"63","FBE2394","12/09/2023","west",3,2400,3,"Senecio glaberrimus","tuber_dry_mass",0.18633
"64","FBE2394","12/09/2023","west",3,2400,3,"Senecio glaberrimus","reproductive_height",36
"65","FBE2394","12/09/2023","west",3,2400,3,"Senecio glaberrimus","veg_height",18.4
"66","FBE2394","12/09/2023","west",3,2400,3,"Senecio glaberrimus","no_leaves",1
"67","FBE2394","12/09/2023","west",3,2400,3,"Senecio glaberrimus","leaf_wet_mass",1.0045
"68","FBE2394","12/09/2023","west",3,2400,3,"Senecio glaberrimus","leaf_dry_mass",0.19982
"69","FBE2394","12/09/2023","west",3,2400,3,"Senecio glaberrimus","leaf_area",19.036
"70","FBE2394","12/09/2023","west",3,2400,3,"Senecio glaberrimus","sla",95.2657391652487
"71","FBE2394","12/09/2023","west",3,2400,3,"Senecio glaberrimus","leaf_thickness",0.535
"72","FBE2394","12/09/2023","west",3,2400,3,"Senecio glaberrimus","ldmc",0.198924838227974
"73","FBE2394","12/09/2023","west",3,2400,3,"Senecio glaberrimus","bgb_agb",0.775280898876404
"74","FBE2394","12/09/2023","west",3,2400,3,"Senecio glaberrimus","aboveground_biomass",0.89
"75","FBE2394","12/09/2023","west",3,2400,3,"Senecio glaberrimus","belowground_biomass",0.69
"76","FBF4179","12/08/2023","northwest",5,2800,2,"Themeda triandra","root_depth",28.8
"77","FBF4179","12/08/2023","northwest",5,2800,2,"Themeda triandra","no_root_scan",5
"78","FBF4179","12/08/2023","northwest",5,2800,2,"Themeda triandra","root_wet_mass",0.122
"79","FBF4179","12/08/2023","northwest",5,2800,2,"Themeda triandra","root_dry_mass",0.04337
"80","FBF4179","12/08/2023","northwest",5,2800,2,"Themeda triandra","total_root_length",2383.898058
"81","FBF4179","12/08/2023","northwest",5,2800,2,"Themeda triandra","total_root_volume",231.779959
"82","FBF4179","12/08/2023","northwest",5,2800,2,"Themeda triandra","rd",0.310761
"83","FBF4179","12/08/2023","northwest",5,2800,2,"Themeda triandra","bi",0.445908
"84","FBF4179","12/08/2023","northwest",5,2800,2,"Themeda triandra","srl",54.9665219737146
"85","FBF4179","12/08/2023","northwest",5,2800,2,"Themeda triandra","rtd",0.187117126895341
"86","FBF4179","12/08/2023","northwest",5,2800,2,"Themeda triandra","rdmc",355.491803278689
"87","FBF4179","12/08/2023","northwest",5,2800,2,"Themeda triandra","tuber_wet_mass",NA
"88","FBF4179","12/08/2023","northwest",5,2800,2,"Themeda triandra","tuber_dry_mass",NA
"89","FBF4179","12/08/2023","northwest",5,2800,2,"Themeda triandra","reproductive_height",NA
"90","FBF4179","12/08/2023","northwest",5,2800,2,"Themeda triandra","veg_height",12
"91","FBF4179","12/08/2023","northwest",5,2800,2,"Themeda triandra","no_leaves",5
"92","FBF4179","12/08/2023","northwest",5,2800,2,"Themeda triandra","leaf_wet_mass",0.0868
"93","FBF4179","12/08/2023","northwest",5,2800,2,"Themeda triandra","leaf_dry_mass",0.03033
"94","FBF4179","12/08/2023","northwest",5,2800,2,"Themeda triandra","leaf_area",6.109
"95","FBF4179","12/08/2023","northwest",5,2800,2,"Themeda triandra","sla",201.41773821299
"96","FBF4179","12/08/2023","northwest",5,2800,2,"Themeda triandra","leaf_thickness",0.151
"97","FBF4179","12/08/2023","northwest",5,2800,2,"Themeda triandra","ldmc",0.349423963133641
"98","FBF4179","12/08/2023","northwest",5,2800,2,"Themeda triandra","bgb_agb",2.18242122719735
"99","FBF4179","12/08/2023","northwest",5,2800,2,"Themeda triandra","aboveground_biomass",12.06
"100","FBF4179","12/08/2023","northwest",5,2800,2,"Themeda triandra","belowground_biomass",26.32
"101","FBG3400","12/05/2023","west",2,2200,5,"Themeda triandra","root_depth",11.7
"102","FBG3400","12/05/2023","west",2,2200,5,"Themeda triandra","no_root_scan",3
"103","FBG3400","12/05/2023","west",2,2200,5,"Themeda triandra","root_wet_mass",0.0632
"104","FBG3400","12/05/2023","west",2,2200,5,"Themeda triandra","root_dry_mass",0.0266
"105","FBG3400","12/05/2023","west",2,2200,5,"Themeda triandra","total_root_length",641.165877
"106","FBG3400","12/05/2023","west",2,2200,5,"Themeda triandra","total_root_volume",80.21192
"107","FBG3400","12/05/2023","west",2,2200,5,"Themeda triandra","rd",0.343326
"108","FBG3400","12/05/2023","west",2,2200,5,"Themeda triandra","bi",0.583312
"109","FBG3400","12/05/2023","west",2,2200,5,"Themeda triandra","srl",24.1039803383459
"110","FBG3400","12/05/2023","west",2,2200,5,"Themeda triandra","rtd",0.331621534554964
"111","FBG3400","12/05/2023","west",2,2200,5,"Themeda triandra","rdmc",420.886075949367
"112","FBG3400","12/05/2023","west",2,2200,5,"Themeda triandra","tuber_wet_mass",NA
"113","FBG3400","12/05/2023","west",2,2200,5,"Themeda triandra","tuber_dry_mass",NA
"114","FBG3400","12/05/2023","west",2,2200,5,"Themeda triandra","reproductive_height",18.5
"115","FBG3400","12/05/2023","west",2,2200,5,"Themeda triandra","veg_height",15
"116","FBG3400","12/05/2023","west",2,2200,5,"Themeda triandra","no_leaves",5
"117","FBG3400","12/05/2023","west",2,2200,5,"Themeda triandra","leaf_wet_mass",0.0982
"118","FBG3400","12/05/2023","west",2,2200,5,"Themeda triandra","leaf_dry_mass",0.0367
"119","FBG3400","12/05/2023","west",2,2200,5,"Themeda triandra","leaf_area",9.338
"120","FBG3400","12/05/2023","west",2,2200,5,"Themeda triandra","sla",254.441416893733
"121","FBG3400","12/05/2023","west",2,2200,5,"Themeda triandra","leaf_thickness",0.113
"122","FBG3400","12/05/2023","west",2,2200,5,"Themeda triandra","ldmc",0.373727087576375
"123","FBG3400","12/05/2023","west",2,2200,5,"Themeda triandra","bgb_agb",0.337460349943722
"124","FBG3400","12/05/2023","west",2,2200,5,"Themeda triandra","aboveground_biomass",2.9319
"125","FBG3400","12/05/2023","west",2,2200,5,"Themeda triandra","belowground_biomass",0.9894
"126","FBH8238","12/08/2023","northwest",5,2800,5,"Senecio glaberrimus","root_depth",21.4
"127","FBH8238","12/08/2023","northwest",5,2800,5,"Senecio glaberrimus","no_root_scan",5
"128","FBH8238","12/08/2023","northwest",5,2800,5,"Senecio glaberrimus","root_wet_mass",0.0334
"129","FBH8238","12/08/2023","northwest",5,2800,5,"Senecio glaberrimus","root_dry_mass",0.00739
"130","FBH8238","12/08/2023","northwest",5,2800,5,"Senecio glaberrimus","total_root_length",990.2572
"131","FBH8238","12/08/2023","northwest",5,2800,5,"Senecio glaberrimus","total_root_volume",44.169911
"132","FBH8238","12/08/2023","northwest",5,2800,5,"Senecio glaberrimus","rd",0.224573
"133","FBH8238","12/08/2023","northwest",5,2800,5,"Senecio glaberrimus","bi",0.400906
"134","FBH8238","12/08/2023","northwest",5,2800,5,"Senecio glaberrimus","srl",133.999621109608
"135","FBH8238","12/08/2023","northwest",5,2800,5,"Senecio glaberrimus","rtd",0.167308464805374
"136","FBH8238","12/08/2023","northwest",5,2800,5,"Senecio glaberrimus","rdmc",221.25748502994
"137","FBH8238","12/08/2023","northwest",5,2800,5,"Senecio glaberrimus","tuber_wet_mass",0.5752
"138","FBH8238","12/08/2023","northwest",5,2800,5,"Senecio glaberrimus","tuber_dry_mass",0.19152
"139","FBH8238","12/08/2023","northwest",5,2800,5,"Senecio glaberrimus","reproductive_height",29.7
"140","FBH8238","12/08/2023","northwest",5,2800,5,"Senecio glaberrimus","veg_height",14.5
"141","FBH8238","12/08/2023","northwest",5,2800,5,"Senecio glaberrimus","no_leaves",1
"142","FBH8238","12/08/2023","northwest",5,2800,5,"Senecio glaberrimus","leaf_wet_mass",1.9294
"143","FBH8238","12/08/2023","northwest",5,2800,5,"Senecio glaberrimus","leaf_dry_mass",0.26669
"144","FBH8238","12/08/2023","northwest",5,2800,5,"Senecio glaberrimus","leaf_area",34.673
"145","FBH8238","12/08/2023","northwest",5,2800,5,"Senecio glaberrimus","sla",130.012373917282
"146","FBH8238","12/08/2023","northwest",5,2800,5,"Senecio glaberrimus","leaf_thickness",0.597333333333333
"147","FBH8238","12/08/2023","northwest",5,2800,5,"Senecio glaberrimus","ldmc",0.138224318440966
"148","FBH8238","12/08/2023","northwest",5,2800,5,"Senecio glaberrimus","bgb_agb",2.02409638554217
"149","FBH8238","12/08/2023","northwest",5,2800,5,"Senecio glaberrimus","aboveground_biomass",1.66
"150","FBH8238","12/08/2023","northwest",5,2800,5,"Senecio glaberrimus","belowground_biomass",3.36
"151","FBI0246","12/08/2023","northwest",5,2800,2,"Helichrysum pilosellum","root_depth",23
"152","FBI0246","12/08/2023","northwest",5,2800,2,"Helichrysum pilosellum","no_root_scan",5
"153","FBI0246","12/08/2023","northwest",5,2800,2,"Helichrysum pilosellum","root_wet_mass",0.0316
"154","FBI0246","12/08/2023","northwest",5,2800,2,"Helichrysum pilosellum","root_dry_mass",0.01032
"155","FBI0246","12/08/2023","northwest",5,2800,2,"Helichrysum pilosellum","total_root_length",1384.162003
"156","FBI0246","12/08/2023","northwest",5,2800,2,"Helichrysum pilosellum","total_root_volume",67.859183
"157","FBI0246","12/08/2023","northwest",5,2800,2,"Helichrysum pilosellum","rd",0.235311
"158","FBI0246","12/08/2023","northwest",5,2800,2,"Helichrysum pilosellum","bi",0.43492
"159","FBI0246","12/08/2023","northwest",5,2800,2,"Helichrysum pilosellum","srl",134.124225096899
"160","FBI0246","12/08/2023","northwest",5,2800,2,"Helichrysum pilosellum","rtd",0.152079638211972
"161","FBI0246","12/08/2023","northwest",5,2800,2,"Helichrysum pilosellum","rdmc",326.582278481013
"162","FBI0246","12/08/2023","northwest",5,2800,2,"Helichrysum pilosellum","tuber_wet_mass",0.9371
"163","FBI0246","12/08/2023","northwest",5,2800,2,"Helichrysum pilosellum","tuber_dry_mass",0.17859
"164","FBI0246","12/08/2023","northwest",5,2800,2,"Helichrysum pilosellum","reproductive_height",21.1
"165","FBI0246","12/08/2023","northwest",5,2800,2,"Helichrysum pilosellum","veg_height",2.5
"166","FBI0246","12/08/2023","northwest",5,2800,2,"Helichrysum pilosellum","no_leaves",1
"167","FBI0246","12/08/2023","northwest",5,2800,2,"Helichrysum pilosellum","leaf_wet_mass",0.6762
"168","FBI0246","12/08/2023","northwest",5,2800,2,"Helichrysum pilosellum","leaf_dry_mass",0.13551
"169","FBI0246","12/08/2023","northwest",5,2800,2,"Helichrysum pilosellum","leaf_area",12.243
"170","FBI0246","12/08/2023","northwest",5,2800,2,"Helichrysum pilosellum","sla",90.3475758246624
"171","FBI0246","12/08/2023","northwest",5,2800,2,"Helichrysum pilosellum","leaf_thickness",0.785333333333333
"172","FBI0246","12/08/2023","northwest",5,2800,2,"Helichrysum pilosellum","ldmc",0.200399290150843
"173","FBI0246","12/08/2023","northwest",5,2800,2,"Helichrysum pilosellum","bgb_agb",5.23076923076923
"174","FBI0246","12/08/2023","northwest",5,2800,2,"Helichrysum pilosellum","aboveground_biomass",0.78
"175","FBI0246","12/08/2023","northwest",5,2800,2,"Helichrysum pilosellum","belowground_biomass",4.08
"176","FBJ6221","12/08/2023","northwest",5,2800,4,"Helichrysum pilosellum","root_depth",13
"177","FBJ6221","12/08/2023","northwest",5,2800,4,"Helichrysum pilosellum","no_root_scan",5
"178","FBJ6221","12/08/2023","northwest",5,2800,4,"Helichrysum pilosellum","root_wet_mass",0.035
"179","FBJ6221","12/08/2023","northwest",5,2800,4,"Helichrysum pilosellum","root_dry_mass",0.01374
"180","FBJ6221","12/08/2023","northwest",5,2800,4,"Helichrysum pilosellum","total_root_length",919.170419
"181","FBJ6221","12/08/2023","northwest",5,2800,4,"Helichrysum pilosellum","total_root_volume",81.370931
"182","FBJ6221","12/08/2023","northwest",5,2800,4,"Helichrysum pilosellum","rd",0.297983
"183","FBJ6221","12/08/2023","northwest",5,2800,4,"Helichrysum pilosellum","bi",0.478693
"184","FBJ6221","12/08/2023","northwest",5,2800,4,"Helichrysum pilosellum","srl",66.8974104075691
"185","FBJ6221","12/08/2023","northwest",5,2800,4,"Helichrysum pilosellum","rtd",0.168856369604521
"186","FBJ6221","12/08/2023","northwest",5,2800,4,"Helichrysum pilosellum","rdmc",392.571428571429
"187","FBJ6221","12/08/2023","northwest",5,2800,4,"Helichrysum pilosellum","tuber_wet_mass",0.707
"188","FBJ6221","12/08/2023","northwest",5,2800,4,"Helichrysum pilosellum","tuber_dry_mass",0.1356
"189","FBJ6221","12/08/2023","northwest",5,2800,4,"Helichrysum pilosellum","reproductive_height",19.8
"190","FBJ6221","12/08/2023","northwest",5,2800,4,"Helichrysum pilosellum","veg_height",3.5
"191","FBJ6221","12/08/2023","northwest",5,2800,4,"Helichrysum pilosellum","no_leaves",1
"192","FBJ6221","12/08/2023","northwest",5,2800,4,"Helichrysum pilosellum","leaf_wet_mass",0.4948
"193","FBJ6221","12/08/2023","northwest",5,2800,4,"Helichrysum pilosellum","leaf_dry_mass",0.09943
"194","FBJ6221","12/08/2023","northwest",5,2800,4,"Helichrysum pilosellum","leaf_area",8.924
"195","FBJ6221","12/08/2023","northwest",5,2800,4,"Helichrysum pilosellum","sla",89.7515840289651
"196","FBJ6221","12/08/2023","northwest",5,2800,4,"Helichrysum pilosellum","leaf_thickness",0.763333333333333
"197","FBJ6221","12/08/2023","northwest",5,2800,4,"Helichrysum pilosellum","ldmc",0.200949878738884
"198","FBJ6221","12/08/2023","northwest",5,2800,4,"Helichrysum pilosellum","bgb_agb",3.70796460176991
"199","FBJ6221","12/08/2023","northwest",5,2800,4,"Helichrysum pilosellum","aboveground_biomass",1.13
"200","FBJ6221","12/08/2023","northwest",5,2800,4,"Helichrysum pilosellum","belowground_biomass",4.19
"201","FBK1070","12/05/2023","west",2,2200,3,"Themeda triandra","root_depth",16.6
"202","FBK1070","12/05/2023","west",2,2200,3,"Themeda triandra","no_root_scan",5
"203","FBK1070","12/05/2023","west",2,2200,3,"Themeda triandra","root_wet_mass",0.0643
"204","FBK1070","12/05/2023","west",2,2200,3,"Themeda triandra","root_dry_mass",0.0285
"205","FBK1070","12/05/2023","west",2,2200,3,"Themeda triandra","total_root_length",1179.061228
"206","FBK1070","12/05/2023","west",2,2200,3,"Themeda triandra","total_root_volume",90.930101
"207","FBK1070","12/05/2023","west",2,2200,3,"Themeda triandra","rd",0.279577
"208","FBK1070","12/05/2023","west",2,2200,3,"Themeda triandra","bi",0.427459
"209","FBK1070","12/05/2023","west",2,2200,3,"Themeda triandra","srl",41.3705694035088
"210","FBK1070","12/05/2023","west",2,2200,3,"Themeda triandra","rtd",0.313427563442385
"211","FBK1070","12/05/2023","west",2,2200,3,"Themeda triandra","rdmc",443.234836702955
"212","FBK1070","12/05/2023","west",2,2200,3,"Themeda triandra","tuber_wet_mass",NA
"213","FBK1070","12/05/2023","west",2,2200,3,"Themeda triandra","tuber_dry_mass",NA
"214","FBK1070","12/05/2023","west",2,2200,3,"Themeda triandra","reproductive_height",17.2
"215","FBK1070","12/05/2023","west",2,2200,3,"Themeda triandra","veg_height",19.2
"216","FBK1070","12/05/2023","west",2,2200,3,"Themeda triandra","no_leaves",5
"217","FBK1070","12/05/2023","west",2,2200,3,"Themeda triandra","leaf_wet_mass",0.0687
"218","FBK1070","12/05/2023","west",2,2200,3,"Themeda triandra","leaf_dry_mass",0.0315
"219","FBK1070","12/05/2023","west",2,2200,3,"Themeda triandra","leaf_area",8.14
"220","FBK1070","12/05/2023","west",2,2200,3,"Themeda triandra","sla",258.412698412698
"221","FBK1070","12/05/2023","west",2,2200,3,"Themeda triandra","leaf_thickness",0.121
"222","FBK1070","12/05/2023","west",2,2200,3,"Themeda triandra","ldmc",0.458515283842795
"223","FBK1070","12/05/2023","west",2,2200,3,"Themeda triandra","bgb_agb",1.04318936877076
"224","FBK1070","12/05/2023","west",2,2200,3,"Themeda triandra","aboveground_biomass",2.6789
"225","FBK1070","12/05/2023","west",2,2200,3,"Themeda triandra","belowground_biomass",2.7946
"226","FBM2759","12/08/2023","northwest",5,2800,4,"Senecio glaberrimus","root_depth",21.8
"227","FBM2759","12/08/2023","northwest",5,2800,4,"Senecio glaberrimus","no_root_scan",5
"228","FBM2759","12/08/2023","northwest",5,2800,4,"Senecio glaberrimus","root_wet_mass",0.097
"229","FBM2759","12/08/2023","northwest",5,2800,4,"Senecio glaberrimus","root_dry_mass",0.03444
"230","FBM2759","12/08/2023","northwest",5,2800,4,"Senecio glaberrimus","total_root_length",1369.442893
"231","FBM2759","12/08/2023","northwest",5,2800,4,"Senecio glaberrimus","total_root_volume",127.893169
"232","FBM2759","12/08/2023","northwest",5,2800,4,"Senecio glaberrimus","rd",0.304636
"233","FBM2759","12/08/2023","northwest",5,2800,4,"Senecio glaberrimus","bi",0.42426
"234","FBM2759","12/08/2023","northwest",5,2800,4,"Senecio glaberrimus","srl",39.763150203252
"235","FBM2759","12/08/2023","northwest",5,2800,4,"Senecio glaberrimus","rtd",0.269287251768701
"236","FBM2759","12/08/2023","northwest",5,2800,4,"Senecio glaberrimus","rdmc",355.051546391753
"237","FBM2759","12/08/2023","northwest",5,2800,4,"Senecio glaberrimus","tuber_wet_mass",0.3345
"238","FBM2759","12/08/2023","northwest",5,2800,4,"Senecio glaberrimus","tuber_dry_mass",0.10701
"239","FBM2759","12/08/2023","northwest",5,2800,4,"Senecio glaberrimus","reproductive_height",26.5
"240","FBM2759","12/08/2023","northwest",5,2800,4,"Senecio glaberrimus","veg_height",14.2
"241","FBM2759","12/08/2023","northwest",5,2800,4,"Senecio glaberrimus","no_leaves",1
"242","FBM2759","12/08/2023","northwest",5,2800,4,"Senecio glaberrimus","leaf_wet_mass",1.5364
"243","FBM2759","12/08/2023","northwest",5,2800,4,"Senecio glaberrimus","leaf_dry_mass",0.22366
"244","FBM2759","12/08/2023","northwest",5,2800,4,"Senecio glaberrimus","leaf_area",27.454
"245","FBM2759","12/08/2023","northwest",5,2800,4,"Senecio glaberrimus","sla",122.748815165877
"246","FBM2759","12/08/2023","northwest",5,2800,4,"Senecio glaberrimus","leaf_thickness",0.612666666666667
"247","FBM2759","12/08/2023","northwest",5,2800,4,"Senecio glaberrimus","ldmc",0.145574069252799
"248","FBM2759","12/08/2023","northwest",5,2800,4,"Senecio glaberrimus","bgb_agb",1.47761194029851
"249","FBM2759","12/08/2023","northwest",5,2800,4,"Senecio glaberrimus","aboveground_biomass",1.34
"250","FBM2759","12/08/2023","northwest",5,2800,4,"Senecio glaberrimus","belowground_biomass",1.98
"251","FBN8285","12/08/2023","northwest",5,2800,5,"Helichrysum pilosellum","root_depth",10
"252","FBN8285","12/08/2023","northwest",5,2800,5,"Helichrysum pilosellum","no_root_scan",4
"253","FBN8285","12/08/2023","northwest",5,2800,5,"Helichrysum pilosellum","root_wet_mass",0.0248
"254","FBN8285","12/08/2023","northwest",5,2800,5,"Helichrysum pilosellum","root_dry_mass",0.00545
"255","FBN8285","12/08/2023","northwest",5,2800,5,"Helichrysum pilosellum","total_root_length",614.712528
"256","FBN8285","12/08/2023","northwest",5,2800,5,"Helichrysum pilosellum","total_root_volume",28.462369
"257","FBN8285","12/08/2023","northwest",5,2800,5,"Helichrysum pilosellum","rd",0.231434
"258","FBN8285","12/08/2023","northwest",5,2800,5,"Helichrysum pilosellum","bi",0.382293
"259","FBN8285","12/08/2023","northwest",5,2800,5,"Helichrysum pilosellum","srl",112.791289541284
"260","FBN8285","12/08/2023","northwest",5,2800,5,"Helichrysum pilosellum","rtd",0.191480898866851
"261","FBN8285","12/08/2023","northwest",5,2800,5,"Helichrysum pilosellum","rdmc",219.758064516129
"262","FBN8285","12/08/2023","northwest",5,2800,5,"Helichrysum pilosellum","tuber_wet_mass",0.6443
"263","FBN8285","12/08/2023","northwest",5,2800,5,"Helichrysum pilosellum","tuber_dry_mass",0.12552
"264","FBN8285","12/08/2023","northwest",5,2800,5,"Helichrysum pilosellum","reproductive_height",7.8
"265","FBN8285","12/08/2023","northwest",5,2800,5,"Helichrysum pilosellum","veg_height",4.1
"266","FBN8285","12/08/2023","northwest",5,2800,5,"Helichrysum pilosellum","no_leaves",1
"267","FBN8285","12/08/2023","northwest",5,2800,5,"Helichrysum pilosellum","leaf_wet_mass",0.7515
"268","FBN8285","12/08/2023","northwest",5,2800,5,"Helichrysum pilosellum","leaf_dry_mass",0.13365
"269","FBN8285","12/08/2023","northwest",5,2800,5,"Helichrysum pilosellum","leaf_area",12.928
"270","FBN8285","12/08/2023","northwest",5,2800,5,"Helichrysum pilosellum","sla",96.7302656191545
"271","FBN8285","12/08/2023","northwest",5,2800,5,"Helichrysum pilosellum","leaf_thickness",0.783333333333333
"272","FBN8285","12/08/2023","northwest",5,2800,5,"Helichrysum pilosellum","ldmc",0.177844311377246
"273","FBN8285","12/08/2023","northwest",5,2800,5,"Helichrysum pilosellum","bgb_agb",2.39393939393939
"274","FBN8285","12/08/2023","northwest",5,2800,5,"Helichrysum pilosellum","aboveground_biomass",0.66
"275","FBN8285","12/08/2023","northwest",5,2800,5,"Helichrysum pilosellum","belowground_biomass",1.58
"276","FBO8536","12/05/2023","west",2,2200,4,"Themeda triandra","root_depth",18.2
"277","FBO8536","12/05/2023","west",2,2200,4,"Themeda triandra","no_root_scan",5
"278","FBO8536","12/05/2023","west",2,2200,4,"Themeda triandra","root_wet_mass",0.07
"279","FBO8536","12/05/2023","west",2,2200,4,"Themeda triandra","root_dry_mass",0.0297
"280","FBO8536","12/05/2023","west",2,2200,4,"Themeda triandra","total_root_length",1316.542072
"281","FBO8536","12/05/2023","west",2,2200,4,"Themeda triandra","total_root_volume",113.084877
"282","FBO8536","12/05/2023","west",2,2200,4,"Themeda triandra","rd",0.289672
"283","FBO8536","12/05/2023","west",2,2200,4,"Themeda triandra","bi",0.423838
"284","FBO8536","12/05/2023","west",2,2200,4,"Themeda triandra","srl",44.3280158922559
"285","FBO8536","12/05/2023","west",2,2200,4,"Themeda triandra","rtd",0.262634587293224
"286","FBO8536","12/05/2023","west",2,2200,4,"Themeda triandra","rdmc",424.285714285714
"287","FBO8536","12/05/2023","west",2,2200,4,"Themeda triandra","tuber_wet_mass",NA
"288","FBO8536","12/05/2023","west",2,2200,4,"Themeda triandra","tuber_dry_mass",NA
"289","FBO8536","12/05/2023","west",2,2200,4,"Themeda triandra","reproductive_height",21.1
"290","FBO8536","12/05/2023","west",2,2200,4,"Themeda triandra","veg_height",18.3
"291","FBO8536","12/05/2023","west",2,2200,4,"Themeda triandra","no_leaves",5
"292","FBO8536","12/05/2023","west",2,2200,4,"Themeda triandra","leaf_wet_mass",0.2021
"293","FBO8536","12/05/2023","west",2,2200,4,"Themeda triandra","leaf_dry_mass",0.0742
"294","FBO8536","12/05/2023","west",2,2200,4,"Themeda triandra","leaf_area",15.117
"295","FBO8536","12/05/2023","west",2,2200,4,"Themeda triandra","sla",203.733153638814
"296","FBO8536","12/05/2023","west",2,2200,4,"Themeda triandra","leaf_thickness",0.135333333333333
"297","FBO8536","12/05/2023","west",2,2200,4,"Themeda triandra","ldmc",0.367144977733795
"298","FBO8536","12/05/2023","west",2,2200,4,"Themeda triandra","bgb_agb",1.84677762155446
"299","FBO8536","12/05/2023","west",2,2200,4,"Themeda triandra","aboveground_biomass",3.0583
"300","FBO8536","12/05/2023","west",2,2200,4,"Themeda triandra","belowground_biomass",5.648
"301","FBP4231","12/08/2023","northwest",5,2800,2,"Senecio glaberrimus","root_depth",20.1
"302","FBP4231","12/08/2023","northwest",5,2800,2,"Senecio glaberrimus","no_root_scan",5
"303","FBP4231","12/08/2023","northwest",5,2800,2,"Senecio glaberrimus","root_wet_mass",0.0853
"304","FBP4231","12/08/2023","northwest",5,2800,2,"Senecio glaberrimus","root_dry_mass",0.01967
"305","FBP4231","12/08/2023","northwest",5,2800,2,"Senecio glaberrimus","total_root_length",1119.29945
"306","FBP4231","12/08/2023","northwest",5,2800,2,"Senecio glaberrimus","total_root_volume",114.149411
"307","FBP4231","12/08/2023","northwest",5,2800,2,"Senecio glaberrimus","rd",0.313972
"308","FBP4231","12/08/2023","northwest",5,2800,2,"Senecio glaberrimus","bi",0.426159
"309","FBP4231","12/08/2023","northwest",5,2800,2,"Senecio glaberrimus","srl",56.9038866293848
"310","FBP4231","12/08/2023","northwest",5,2800,2,"Senecio glaberrimus","rtd",0.17231801572765
"311","FBP4231","12/08/2023","northwest",5,2800,2,"Senecio glaberrimus","rdmc",230.597889800703
"312","FBP4231","12/08/2023","northwest",5,2800,2,"Senecio glaberrimus","tuber_wet_mass",0.8063
"313","FBP4231","12/08/2023","northwest",5,2800,2,"Senecio glaberrimus","tuber_dry_mass",0.13203
"314","FBP4231","12/08/2023","northwest",5,2800,2,"Senecio glaberrimus","reproductive_height",23.9
"315","FBP4231","12/08/2023","northwest",5,2800,2,"Senecio glaberrimus","veg_height",9.7
"316","FBP4231","12/08/2023","northwest",5,2800,2,"Senecio glaberrimus","no_leaves",1
"317","FBP4231","12/08/2023","northwest",5,2800,2,"Senecio glaberrimus","leaf_wet_mass",1.3087
"318","FBP4231","12/08/2023","northwest",5,2800,2,"Senecio glaberrimus","leaf_dry_mass",0.20102
"319","FBP4231","12/08/2023","northwest",5,2800,2,"Senecio glaberrimus","leaf_area",19.888
"320","FBP4231","12/08/2023","northwest",5,2800,2,"Senecio glaberrimus","sla",98.9354293105164
"321","FBP4231","12/08/2023","northwest",5,2800,2,"Senecio glaberrimus","leaf_thickness",0.652666666666667
"322","FBP4231","12/08/2023","northwest",5,2800,2,"Senecio glaberrimus","ldmc",0.153602811950791
"323","FBP4231","12/08/2023","northwest",5,2800,2,"Senecio glaberrimus","bgb_agb",1.20714285714286
"324","FBP4231","12/08/2023","northwest",5,2800,2,"Senecio glaberrimus","aboveground_biomass",1.4
"325","FBP4231","12/08/2023","northwest",5,2800,2,"Senecio glaberrimus","belowground_biomass",1.69
"326","FBQ2034","12/08/2023","northwest",5,2800,3,"Helichrysum pilosellum","root_depth",14.5
"327","FBQ2034","12/08/2023","northwest",5,2800,3,"Helichrysum pilosellum","no_root_scan",5
"328","FBQ2034","12/08/2023","northwest",5,2800,3,"Helichrysum pilosellum","root_wet_mass",0.0389
"329","FBQ2034","12/08/2023","northwest",5,2800,3,"Helichrysum pilosellum","root_dry_mass",0.00958
"330","FBQ2034","12/08/2023","northwest",5,2800,3,"Helichrysum pilosellum","total_root_length",384.71799
"331","FBQ2034","12/08/2023","northwest",5,2800,3,"Helichrysum pilosellum","total_root_volume",33.111257
"332","FBQ2034","12/08/2023","northwest",5,2800,3,"Helichrysum pilosellum","rd",0.29752
"333","FBQ2034","12/08/2023","northwest",5,2800,3,"Helichrysum pilosellum","bi",0.15076
"334","FBQ2034","12/08/2023","northwest",5,2800,3,"Helichrysum pilosellum","srl",40.1584540709812
"335","FBQ2034","12/08/2023","northwest",5,2800,3,"Helichrysum pilosellum","rtd",0.289327584271416
"336","FBQ2034","12/08/2023","northwest",5,2800,3,"Helichrysum pilosellum","rdmc",246.272493573265
"337","FBQ2034","12/08/2023","northwest",5,2800,3,"Helichrysum pilosellum","tuber_wet_mass",0.5246
"338","FBQ2034","12/08/2023","northwest",5,2800,3,"Helichrysum pilosellum","tuber_dry_mass",0.07859
"339","FBQ2034","12/08/2023","northwest",5,2800,3,"Helichrysum pilosellum","reproductive_height",18.3
"340","FBQ2034","12/08/2023","northwest",5,2800,3,"Helichrysum pilosellum","veg_height",5
"341","FBQ2034","12/08/2023","northwest",5,2800,3,"Helichrysum pilosellum","no_leaves",1
"342","FBQ2034","12/08/2023","northwest",5,2800,3,"Helichrysum pilosellum","leaf_wet_mass",0.7915
"343","FBQ2034","12/08/2023","northwest",5,2800,3,"Helichrysum pilosellum","leaf_dry_mass",0.14951
"344","FBQ2034","12/08/2023","northwest",5,2800,3,"Helichrysum pilosellum","leaf_area",15.614
"345","FBQ2034","12/08/2023","northwest",5,2800,3,"Helichrysum pilosellum","sla",104.434485987559
"346","FBQ2034","12/08/2023","northwest",5,2800,3,"Helichrysum pilosellum","leaf_thickness",1.10533333333333
"347","FBQ2034","12/08/2023","northwest",5,2800,3,"Helichrysum pilosellum","ldmc",0.188894504106128
"348","FBQ2034","12/08/2023","northwest",5,2800,3,"Helichrysum pilosellum","bgb_agb",0.661290322580645
"349","FBQ2034","12/08/2023","northwest",5,2800,3,"Helichrysum pilosellum","aboveground_biomass",0.62
"350","FBQ2034","12/08/2023","northwest",5,2800,3,"Helichrysum pilosellum","belowground_biomass",0.41
"351","FBR3362","12/08/2023","northwest",5,2800,1,"Helichrysum pilosellum","root_depth",16
"352","FBR3362","12/08/2023","northwest",5,2800,1,"Helichrysum pilosellum","no_root_scan",5
"353","FBR3362","12/08/2023","northwest",5,2800,1,"Helichrysum pilosellum","root_wet_mass",0.0576
"354","FBR3362","12/08/2023","northwest",5,2800,1,"Helichrysum pilosellum","root_dry_mass",0.01929
"355","FBR3362","12/08/2023","northwest",5,2800,1,"Helichrysum pilosellum","total_root_length",1161.205461
"356","FBR3362","12/08/2023","northwest",5,2800,1,"Helichrysum pilosellum","total_root_volume",82.343575
"357","FBR3362","12/08/2023","northwest",5,2800,1,"Helichrysum pilosellum","rd",0.272041
"358","FBR3362","12/08/2023","northwest",5,2800,1,"Helichrysum pilosellum","bi",0.476229
"359","FBR3362","12/08/2023","northwest",5,2800,1,"Helichrysum pilosellum","srl",60.1972763608087
"360","FBR3362","12/08/2023","northwest",5,2800,1,"Helichrysum pilosellum","rtd",0.234262357445617
"361","FBR3362","12/08/2023","northwest",5,2800,1,"Helichrysum pilosellum","rdmc",334.895833333333
"362","FBR3362","12/08/2023","northwest",5,2800,1,"Helichrysum pilosellum","tuber_wet_mass",0.644
"363","FBR3362","12/08/2023","northwest",5,2800,1,"Helichrysum pilosellum","tuber_dry_mass",0.10746
"364","FBR3362","12/08/2023","northwest",5,2800,1,"Helichrysum pilosellum","reproductive_height",9.5
"365","FBR3362","12/08/2023","northwest",5,2800,1,"Helichrysum pilosellum","veg_height",4
"366","FBR3362","12/08/2023","northwest",5,2800,1,"Helichrysum pilosellum","no_leaves",1
"367","FBR3362","12/08/2023","northwest",5,2800,1,"Helichrysum pilosellum","leaf_wet_mass",1.0151
"368","FBR3362","12/08/2023","northwest",5,2800,1,"Helichrysum pilosellum","leaf_dry_mass",0.14336
"369","FBR3362","12/08/2023","northwest",5,2800,1,"Helichrysum pilosellum","leaf_area",16.376
"370","FBR3362","12/08/2023","northwest",5,2800,1,"Helichrysum pilosellum","sla",114.229910714286
"371","FBR3362","12/08/2023","northwest",5,2800,1,"Helichrysum pilosellum","leaf_thickness",0.630666666666667
"372","FBR3362","12/08/2023","northwest",5,2800,1,"Helichrysum pilosellum","ldmc",0.141227465274357
"373","FBR3362","12/08/2023","northwest",5,2800,1,"Helichrysum pilosellum","bgb_agb",2.39669421487603
"374","FBR3362","12/08/2023","northwest",5,2800,1,"Helichrysum pilosellum","aboveground_biomass",1.21
"375","FBR3362","12/08/2023","northwest",5,2800,1,"Helichrysum pilosellum","belowground_biomass",2.9
"376","FBS3237","12/05/2023","west",2,2200,1,"Themeda triandra","root_depth",13.5
"377","FBS3237","12/05/2023","west",2,2200,1,"Themeda triandra","no_root_scan",4
"378","FBS3237","12/05/2023","west",2,2200,1,"Themeda triandra","root_wet_mass",0.0329
"379","FBS3237","12/05/2023","west",2,2200,1,"Themeda triandra","root_dry_mass",0.0146
"380","FBS3237","12/05/2023","west",2,2200,1,"Themeda triandra","total_root_length",821.734718
"381","FBS3237","12/05/2023","west",2,2200,1,"Themeda triandra","total_root_volume",77.562611
"382","FBS3237","12/05/2023","west",2,2200,1,"Themeda triandra","rd",0.312116
"383","FBS3237","12/05/2023","west",2,2200,1,"Themeda triandra","bi",0.451484
"384","FBS3237","12/05/2023","west",2,2200,1,"Themeda triandra","srl",56.2831998630137
"385","FBS3237","12/05/2023","west",2,2200,1,"Themeda triandra","rtd",0.18823502473376
"386","FBS3237","12/05/2023","west",2,2200,1,"Themeda triandra","rdmc",443.768996960486
"387","FBS3237","12/05/2023","west",2,2200,1,"Themeda triandra","tuber_wet_mass",NA
"388","FBS3237","12/05/2023","west",2,2200,1,"Themeda triandra","tuber_dry_mass",NA
"389","FBS3237","12/05/2023","west",2,2200,1,"Themeda triandra","reproductive_height",25.9
"390","FBS3237","12/05/2023","west",2,2200,1,"Themeda triandra","veg_height",18.2
"391","FBS3237","12/05/2023","west",2,2200,1,"Themeda triandra","no_leaves",5
"392","FBS3237","12/05/2023","west",2,2200,1,"Themeda triandra","leaf_wet_mass",0.1568
"393","FBS3237","12/05/2023","west",2,2200,1,"Themeda triandra","leaf_dry_mass",0.0579
"394","FBS3237","12/05/2023","west",2,2200,1,"Themeda triandra","leaf_area",13.722
"395","FBS3237","12/05/2023","west",2,2200,1,"Themeda triandra","sla",236.99481865285
"396","FBS3237","12/05/2023","west",2,2200,1,"Themeda triandra","leaf_thickness",0.143666666666667
"397","FBS3237","12/05/2023","west",2,2200,1,"Themeda triandra","ldmc",0.369260204081633
"398","FBS3237","12/05/2023","west",2,2200,1,"Themeda triandra","bgb_agb",1.76569510195241
"399","FBS3237","12/05/2023","west",2,2200,1,"Themeda triandra","aboveground_biomass",6.4638
"400","FBS3237","12/05/2023","west",2,2200,1,"Themeda triandra","belowground_biomass",11.4131
"401","FBT2327","12/06/2023","west",2,2200,1,"Helichrysum pilosellum","root_depth",10.2
"402","FBT2327","12/06/2023","west",2,2200,1,"Helichrysum pilosellum","no_root_scan",5
"403","FBT2327","12/06/2023","west",2,2200,1,"Helichrysum pilosellum","root_wet_mass",0.0466
"404","FBT2327","12/06/2023","west",2,2200,1,"Helichrysum pilosellum","root_dry_mass",0.0162
"405","FBT2327","12/06/2023","west",2,2200,1,"Helichrysum pilosellum","total_root_length",1115.271125
"406","FBT2327","12/06/2023","west",2,2200,1,"Helichrysum pilosellum","total_root_volume",82.701692
"407","FBT2327","12/06/2023","west",2,2200,1,"Helichrysum pilosellum","rd",0.275913
"408","FBT2327","12/06/2023","west",2,2200,1,"Helichrysum pilosellum","bi",0.393626
"409","FBT2327","12/06/2023","west",2,2200,1,"Helichrysum pilosellum","srl",68.8438966049383
"410","FBT2327","12/06/2023","west",2,2200,1,"Helichrysum pilosellum","rtd",0.195884746832024
"411","FBT2327","12/06/2023","west",2,2200,1,"Helichrysum pilosellum","rdmc",347.639484978541
"412","FBT2327","12/06/2023","west",2,2200,1,"Helichrysum pilosellum","tuber_wet_mass",0.4185
"413","FBT2327","12/06/2023","west",2,2200,1,"Helichrysum pilosellum","tuber_dry_mass",0.1136
"414","FBT2327","12/06/2023","west",2,2200,1,"Helichrysum pilosellum","reproductive_height",22.5
"415","FBT2327","12/06/2023","west",2,2200,1,"Helichrysum pilosellum","veg_height",11.5
"416","FBT2327","12/06/2023","west",2,2200,1,"Helichrysum pilosellum","no_leaves",1
"417","FBT2327","12/06/2023","west",2,2200,1,"Helichrysum pilosellum","leaf_wet_mass",1.1152
"418","FBT2327","12/06/2023","west",2,2200,1,"Helichrysum pilosellum","leaf_dry_mass",0.2338
"419","FBT2327","12/06/2023","west",2,2200,1,"Helichrysum pilosellum","leaf_area",20.71
"420","FBT2327","12/06/2023","west",2,2200,1,"Helichrysum pilosellum","sla",88.5799828913601
"421","FBT2327","12/06/2023","west",2,2200,1,"Helichrysum pilosellum","leaf_thickness",1.05533333333333
"422","FBT2327","12/06/2023","west",2,2200,1,"Helichrysum pilosellum","ldmc",0.209648493543759
"423","FBT2327","12/06/2023","west",2,2200,1,"Helichrysum pilosellum","bgb_agb",1.86253960516695
"424","FBT2327","12/06/2023","west",2,2200,1,"Helichrysum pilosellum","aboveground_biomass",5.3339
"425","FBT2327","12/06/2023","west",2,2200,1,"Helichrysum pilosellum","belowground_biomass",9.9346
"426","FBU8395","12/08/2023","west",4,2600,2,"Senecio glaberrimus","root_depth",16.5
"427","FBU8395","12/08/2023","west",4,2600,2,"Senecio glaberrimus","no_root_scan",4
"428","FBU8395","12/08/2023","west",4,2600,2,"Senecio glaberrimus","root_wet_mass",0.0355
"429","FBU8395","12/08/2023","west",4,2600,2,"Senecio glaberrimus","root_dry_mass",0.0168
"430","FBU8395","12/08/2023","west",4,2600,2,"Senecio glaberrimus","total_root_length",929.447789
"431","FBU8395","12/08/2023","west",4,2600,2,"Senecio glaberrimus","total_root_volume",69.021513
"432","FBU8395","12/08/2023","west",4,2600,2,"Senecio glaberrimus","rd",0.285861
"433","FBU8395","12/08/2023","west",4,2600,2,"Senecio glaberrimus","bi",0.305558
"434","FBU8395","12/08/2023","west",4,2600,2,"Senecio glaberrimus","srl",55.3242731547619
"435","FBU8395","12/08/2023","west",4,2600,2,"Senecio glaberrimus","rtd",0.243402372242985
"436","FBU8395","12/08/2023","west",4,2600,2,"Senecio glaberrimus","rdmc",473.239436619718
"437","FBU8395","12/08/2023","west",4,2600,2,"Senecio glaberrimus","tuber_wet_mass",0.6495
"438","FBU8395","12/08/2023","west",4,2600,2,"Senecio glaberrimus","tuber_dry_mass",0.18223
"439","FBU8395","12/08/2023","west",4,2600,2,"Senecio glaberrimus","reproductive_height",36
"440","FBU8395","12/08/2023","west",4,2600,2,"Senecio glaberrimus","veg_height",18.2
"441","FBU8395","12/08/2023","west",4,2600,2,"Senecio glaberrimus","no_leaves",1
"442","FBU8395","12/08/2023","west",4,2600,2,"Senecio glaberrimus","leaf_wet_mass",0.9809
"443","FBU8395","12/08/2023","west",4,2600,2,"Senecio glaberrimus","leaf_dry_mass",0.1434
"444","FBU8395","12/08/2023","west",4,2600,2,"Senecio glaberrimus","leaf_area",16.274
"445","FBU8395","12/08/2023","west",4,2600,2,"Senecio glaberrimus","sla",113.486750348675
"446","FBU8395","12/08/2023","west",4,2600,2,"Senecio glaberrimus","leaf_thickness",0.648333333333333
"447","FBU8395","12/08/2023","west",4,2600,2,"Senecio glaberrimus","ldmc",0.146192272402895
"448","FBU8395","12/08/2023","west",4,2600,2,"Senecio glaberrimus","bgb_agb",1.82113821138211
"449","FBU8395","12/08/2023","west",4,2600,2,"Senecio glaberrimus","aboveground_biomass",1.23
"450","FBU8395","12/08/2023","west",4,2600,2,"Senecio glaberrimus","belowground_biomass",2.24
"451","FBW8179","12/05/2023","west",2,2200,2,"Eragrostis capensis","root_depth",13
"452","FBW8179","12/05/2023","west",2,2200,2,"Eragrostis capensis","no_root_scan",5
"453","FBW8179","12/05/2023","west",2,2200,2,"Eragrostis capensis","root_wet_mass",0.1044
"454","FBW8179","12/05/2023","west",2,2200,2,"Eragrostis capensis","root_dry_mass",0.0313
"455","FBW8179","12/05/2023","west",2,2200,2,"Eragrostis capensis","total_root_length",1551.731842
"456","FBW8179","12/05/2023","west",2,2200,2,"Eragrostis capensis","total_root_volume",144.313764
"457","FBW8179","12/05/2023","west",2,2200,2,"Eragrostis capensis","rd",0.308655
"458","FBW8179","12/05/2023","west",2,2200,2,"Eragrostis capensis","bi",0.387954
"459","FBW8179","12/05/2023","west",2,2200,2,"Eragrostis capensis","srl",49.5760971884984
"460","FBW8179","12/05/2023","west",2,2200,2,"Eragrostis capensis","rtd",0.216888529080289
"461","FBW8179","12/05/2023","west",2,2200,2,"Eragrostis capensis","rdmc",299.808429118774
"462","FBW8179","12/05/2023","west",2,2200,2,"Eragrostis capensis","tuber_wet_mass",NA
"463","FBW8179","12/05/2023","west",2,2200,2,"Eragrostis capensis","tuber_dry_mass",NA
"464","FBW8179","12/05/2023","west",2,2200,2,"Eragrostis capensis","reproductive_height",23.4
"465","FBW8179","12/05/2023","west",2,2200,2,"Eragrostis capensis","veg_height",13.7
"466","FBW8179","12/05/2023","west",2,2200,2,"Eragrostis capensis","no_leaves",5
"467","FBW8179","12/05/2023","west",2,2200,2,"Eragrostis capensis","leaf_wet_mass",0.1289
"468","FBW8179","12/05/2023","west",2,2200,2,"Eragrostis capensis","leaf_dry_mass",0.0459
"469","FBW8179","12/05/2023","west",2,2200,2,"Eragrostis capensis","leaf_area",10.418
"470","FBW8179","12/05/2023","west",2,2200,2,"Eragrostis capensis","sla",226.971677559913
"471","FBW8179","12/05/2023","west",2,2200,2,"Eragrostis capensis","leaf_thickness",0.172333333333333
"472","FBW8179","12/05/2023","west",2,2200,2,"Eragrostis capensis","ldmc",0.356089992242048
"473","FBW8179","12/05/2023","west",2,2200,2,"Eragrostis capensis","bgb_agb",2.49002406070701
"474","FBW8179","12/05/2023","west",2,2200,2,"Eragrostis capensis","aboveground_biomass",2.7015
"475","FBW8179","12/05/2023","west",2,2200,2,"Eragrostis capensis","belowground_biomass",6.7268
"476","FBX4690","12/06/2023","west",2,2200,2,"Helichrysum pilosellum","root_depth",16.5
"477","FBX4690","12/06/2023","west",2,2200,2,"Helichrysum pilosellum","no_root_scan",5
"478","FBX4690","12/06/2023","west",2,2200,2,"Helichrysum pilosellum","root_wet_mass",0.043
"479","FBX4690","12/06/2023","west",2,2200,2,"Helichrysum pilosellum","root_dry_mass",0.0146
"480","FBX4690","12/06/2023","west",2,2200,2,"Helichrysum pilosellum","total_root_length",921.50696
"481","FBX4690","12/06/2023","west",2,2200,2,"Helichrysum pilosellum","total_root_volume",56.746535
"482","FBX4690","12/06/2023","west",2,2200,2,"Helichrysum pilosellum","rd",0.262245
"483","FBX4690","12/06/2023","west",2,2200,2,"Helichrysum pilosellum","bi",0.317957
"484","FBX4690","12/06/2023","west",2,2200,2,"Helichrysum pilosellum","srl",63.1169150684932
"485","FBX4690","12/06/2023","west",2,2200,2,"Helichrysum pilosellum","rtd",0.257284431551636
"486","FBX4690","12/06/2023","west",2,2200,2,"Helichrysum pilosellum","rdmc",339.53488372093
"487","FBX4690","12/06/2023","west",2,2200,2,"Helichrysum pilosellum","tuber_wet_mass",1.1321
"488","FBX4690","12/06/2023","west",2,2200,2,"Helichrysum pilosellum","tuber_dry_mass",0.239
"489","FBX4690","12/06/2023","west",2,2200,2,"Helichrysum pilosellum","reproductive_height",19
"490","FBX4690","12/06/2023","west",2,2200,2,"Helichrysum pilosellum","veg_height",15.5
"491","FBX4690","12/06/2023","west",2,2200,2,"Helichrysum pilosellum","no_leaves",1
"492","FBX4690","12/06/2023","west",2,2200,2,"Helichrysum pilosellum","leaf_wet_mass",1.2497
"493","FBX4690","12/06/2023","west",2,2200,2,"Helichrysum pilosellum","leaf_dry_mass",0.2566
"494","FBX4690","12/06/2023","west",2,2200,2,"Helichrysum pilosellum","leaf_area",24.814
"495","FBX4690","12/06/2023","west",2,2200,2,"Helichrysum pilosellum","sla",96.7030397505846
"496","FBX4690","12/06/2023","west",2,2200,2,"Helichrysum pilosellum","leaf_thickness",1.14133333333333
"497","FBX4690","12/06/2023","west",2,2200,2,"Helichrysum pilosellum","ldmc",0.205329279026966
"498","FBX4690","12/06/2023","west",2,2200,2,"Helichrysum pilosellum","bgb_agb",2.30427931516793
"499","FBX4690","12/06/2023","west",2,2200,2,"Helichrysum pilosellum","aboveground_biomass",5.6481
"500","FBX4690","12/06/2023","west",2,2200,2,"Helichrysum pilosellum","belowground_biomass",13.0148
"501","FBY9580","12/08/2023","west",4,2600,4,"Senecio glaberrimus","root_depth",16
"502","FBY9580","12/08/2023","west",4,2600,4,"Senecio glaberrimus","no_root_scan",5
"503","FBY9580","12/08/2023","west",4,2600,4,"Senecio glaberrimus","root_wet_mass",0.0611
"504","FBY9580","12/08/2023","west",4,2600,4,"Senecio glaberrimus","root_dry_mass",0.02345
"505","FBY9580","12/08/2023","west",4,2600,4,"Senecio glaberrimus","total_root_length",1694.492016
"506","FBY9580","12/08/2023","west",4,2600,4,"Senecio glaberrimus","total_root_volume",132.563228
"507","FBY9580","12/08/2023","west",4,2600,4,"Senecio glaberrimus","rd",0.284323
"508","FBY9580","12/08/2023","west",4,2600,4,"Senecio glaberrimus","bi",0.474478
"509","FBY9580","12/08/2023","west",4,2600,4,"Senecio glaberrimus","srl",72.2597874626866
"510","FBY9580","12/08/2023","west",4,2600,4,"Senecio glaberrimus","rtd",0.17689671829657
"511","FBY9580","12/08/2023","west",4,2600,4,"Senecio glaberrimus","rdmc",383.79705400982
"512","FBY9580","12/08/2023","west",4,2600,4,"Senecio glaberrimus","tuber_wet_mass",0.203
"513","FBY9580","12/08/2023","west",4,2600,4,"Senecio glaberrimus","tuber_dry_mass",0.08881
"514","FBY9580","12/08/2023","west",4,2600,4,"Senecio glaberrimus","reproductive_height",18
"515","FBY9580","12/08/2023","west",4,2600,4,"Senecio glaberrimus","veg_height",11.7
"516","FBY9580","12/08/2023","west",4,2600,4,"Senecio glaberrimus","no_leaves",1
"517","FBY9580","12/08/2023","west",4,2600,4,"Senecio glaberrimus","leaf_wet_mass",0.8817
"518","FBY9580","12/08/2023","west",4,2600,4,"Senecio glaberrimus","leaf_dry_mass",0.16331
"519","FBY9580","12/08/2023","west",4,2600,4,"Senecio glaberrimus","leaf_area",17.18
"520","FBY9580","12/08/2023","west",4,2600,4,"Senecio glaberrimus","sla",105.198701855367
"521","FBY9580","12/08/2023","west",4,2600,4,"Senecio glaberrimus","leaf_thickness",0.631666666666667
"522","FBY9580","12/08/2023","west",4,2600,4,"Senecio glaberrimus","ldmc",0.18522173074742
"523","FBY9580","12/08/2023","west",4,2600,4,"Senecio glaberrimus","bgb_agb",1.31428571428571
"524","FBY9580","12/08/2023","west",4,2600,4,"Senecio glaberrimus","aboveground_biomass",0.7
"525","FBY9580","12/08/2023","west",4,2600,4,"Senecio glaberrimus","belowground_biomass",0.92
"526","FBZ6377","12/08/2023","west",4,2600,1,"Senecio glaberrimus","root_depth",17
"527","FBZ6377","12/08/2023","west",4,2600,1,"Senecio glaberrimus","no_root_scan",3
"528","FBZ6377","12/08/2023","west",4,2600,1,"Senecio glaberrimus","root_wet_mass",0.0316
"529","FBZ6377","12/08/2023","west",4,2600,1,"Senecio glaberrimus","root_dry_mass",0.01083
"530","FBZ6377","12/08/2023","west",4,2600,1,"Senecio glaberrimus","total_root_length",708.271098
"531","FBZ6377","12/08/2023","west",4,2600,1,"Senecio glaberrimus","total_root_volume",57.981301
"532","FBZ6377","12/08/2023","west",4,2600,1,"Senecio glaberrimus","rd",0.300308
"533","FBZ6377","12/08/2023","west",4,2600,1,"Senecio glaberrimus","bi",0.408036
"534","FBZ6377","12/08/2023","west",4,2600,1,"Senecio glaberrimus","srl",65.3989933518006
"535","FBZ6377","12/08/2023","west",4,2600,1,"Senecio glaberrimus","rtd",0.186784356563507
"536","FBZ6377","12/08/2023","west",4,2600,1,"Senecio glaberrimus","rdmc",342.721518987342
"537","FBZ6377","12/08/2023","west",4,2600,1,"Senecio glaberrimus","tuber_wet_mass",0.2829
"538","FBZ6377","12/08/2023","west",4,2600,1,"Senecio glaberrimus","tuber_dry_mass",0.10171
"539","FBZ6377","12/08/2023","west",4,2600,1,"Senecio glaberrimus","reproductive_height",30
"540","FBZ6377","12/08/2023","west",4,2600,1,"Senecio glaberrimus","veg_height",14.6
"541","FBZ6377","12/08/2023","west",4,2600,1,"Senecio glaberrimus","no_leaves",1
"542","FBZ6377","12/08/2023","west",4,2600,1,"Senecio glaberrimus","leaf_wet_mass",0.4762
"543","FBZ6377","12/08/2023","west",4,2600,1,"Senecio glaberrimus","leaf_dry_mass",0.09164
"544","FBZ6377","12/08/2023","west",4,2600,1,"Senecio glaberrimus","leaf_area",10.178
"545","FBZ6377","12/08/2023","west",4,2600,1,"Senecio glaberrimus","sla",111.065037101702
"546","FBZ6377","12/08/2023","west",4,2600,1,"Senecio glaberrimus","leaf_thickness",0.551
"547","FBZ6377","12/08/2023","west",4,2600,1,"Senecio glaberrimus","ldmc",0.192440151196976
"548","FBZ6377","12/08/2023","west",4,2600,1,"Senecio glaberrimus","bgb_agb",1.23076923076923
"549","FBZ6377","12/08/2023","west",4,2600,1,"Senecio glaberrimus","aboveground_biomass",0.65
"550","FBZ6377","12/08/2023","west",4,2600,1,"Senecio glaberrimus","belowground_biomass",0.8
"551","FCA5827","12/05/2023","west",2,2200,5,"Eragrostis capensis","root_depth",12.1
"552","FCA5827","12/05/2023","west",2,2200,5,"Eragrostis capensis","no_root_scan",4
"553","FCA5827","12/05/2023","west",2,2200,5,"Eragrostis capensis","root_wet_mass",0.03
"554","FCA5827","12/05/2023","west",2,2200,5,"Eragrostis capensis","root_dry_mass",0.0139
"555","FCA5827","12/05/2023","west",2,2200,5,"Eragrostis capensis","total_root_length",1561.236903
"556","FCA5827","12/05/2023","west",2,2200,5,"Eragrostis capensis","total_root_volume",75.958142
"557","FCA5827","12/05/2023","west",2,2200,5,"Eragrostis capensis","rd",0.23528
"558","FCA5827","12/05/2023","west",2,2200,5,"Eragrostis capensis","bi",0.539956
"559","FCA5827","12/05/2023","west",2,2200,5,"Eragrostis capensis","srl",112.319201654676
"560","FCA5827","12/05/2023","west",2,2200,5,"Eragrostis capensis","rtd",0.182995524034803
"561","FCA5827","12/05/2023","west",2,2200,5,"Eragrostis capensis","rdmc",463.333333333333
"562","FCA5827","12/05/2023","west",2,2200,5,"Eragrostis capensis","tuber_wet_mass",NA
"563","FCA5827","12/05/2023","west",2,2200,5,"Eragrostis capensis","tuber_dry_mass",NA
"564","FCA5827","12/05/2023","west",2,2200,5,"Eragrostis capensis","reproductive_height",31.9
"565","FCA5827","12/05/2023","west",2,2200,5,"Eragrostis capensis","veg_height",6.8
"566","FCA5827","12/05/2023","west",2,2200,5,"Eragrostis capensis","no_leaves",5
"567","FCA5827","12/05/2023","west",2,2200,5,"Eragrostis capensis","leaf_wet_mass",0.288
"568","FCA5827","12/05/2023","west",2,2200,5,"Eragrostis capensis","leaf_dry_mass",0.0938
"569","FCA5827","12/05/2023","west",2,2200,5,"Eragrostis capensis","leaf_area",11.467
"570","FCA5827","12/05/2023","west",2,2200,5,"Eragrostis capensis","sla",122.24946695096
"571","FCA5827","12/05/2023","west",2,2200,5,"Eragrostis capensis","leaf_thickness",0.303333333333333
"572","FCA5827","12/05/2023","west",2,2200,5,"Eragrostis capensis","ldmc",0.325694444444444
"573","FCA5827","12/05/2023","west",2,2200,5,"Eragrostis capensis","bgb_agb",2.67946992442282
"574","FCA5827","12/05/2023","west",2,2200,5,"Eragrostis capensis","aboveground_biomass",0.9659
"575","FCA5827","12/05/2023","west",2,2200,5,"Eragrostis capensis","belowground_biomass",2.5881
"576","FCB1397","12/06/2023","west",2,2200,2,"Senecio glaberrimus","root_depth",10
"577","FCB1397","12/06/2023","west",2,2200,2,"Senecio glaberrimus","no_root_scan",5
"578","FCB1397","12/06/2023","west",2,2200,2,"Senecio glaberrimus","root_wet_mass",0.0047
"579","FCB1397","12/06/2023","west",2,2200,2,"Senecio glaberrimus","root_dry_mass",0.0016
"580","FCB1397","12/06/2023","west",2,2200,2,"Senecio glaberrimus","total_root_length",323.56961
"581","FCB1397","12/06/2023","west",2,2200,2,"Senecio glaberrimus","total_root_volume",15.62427
"582","FCB1397","12/06/2023","west",2,2200,2,"Senecio glaberrimus","rd",0.230123
"583","FCB1397","12/06/2023","west",2,2200,2,"Senecio glaberrimus","bi",0.500665
"584","FCB1397","12/06/2023","west",2,2200,2,"Senecio glaberrimus","srl",202.23100625
"585","FCB1397","12/06/2023","west",2,2200,2,"Senecio glaberrimus","rtd",0.102404784351525
"586","FCB1397","12/06/2023","west",2,2200,2,"Senecio glaberrimus","rdmc",340.425531914894
"587","FCB1397","12/06/2023","west",2,2200,2,"Senecio glaberrimus","tuber_wet_mass",0.9622
"588","FCB1397","12/06/2023","west",2,2200,2,"Senecio glaberrimus","tuber_dry_mass",0.2751
"589","FCB1397","12/06/2023","west",2,2200,2,"Senecio glaberrimus","reproductive_height",36
"590","FCB1397","12/06/2023","west",2,2200,2,"Senecio glaberrimus","veg_height",14
"591","FCB1397","12/06/2023","west",2,2200,2,"Senecio glaberrimus","no_leaves",1
"592","FCB1397","12/06/2023","west",2,2200,2,"Senecio glaberrimus","leaf_wet_mass",0.7798
"593","FCB1397","12/06/2023","west",2,2200,2,"Senecio glaberrimus","leaf_dry_mass",0.1434
"594","FCB1397","12/06/2023","west",2,2200,2,"Senecio glaberrimus","leaf_area",15.463
"595","FCB1397","12/06/2023","west",2,2200,2,"Senecio glaberrimus","sla",107.831241283124
"596","FCB1397","12/06/2023","west",2,2200,2,"Senecio glaberrimus","leaf_thickness",0.484333333333333
"597","FCB1397","12/06/2023","west",2,2200,2,"Senecio glaberrimus","ldmc",0.183893305975891
"598","FCB1397","12/06/2023","west",2,2200,2,"Senecio glaberrimus","bgb_agb",1.1786582749249
"599","FCB1397","12/06/2023","west",2,2200,2,"Senecio glaberrimus","aboveground_biomass",0.6991
"600","FCB1397","12/06/2023","west",2,2200,2,"Senecio glaberrimus","belowground_biomass",0.824
"601","FCC1836","12/08/2023","west",4,2600,5,"Helichrysum pilosellum","root_depth",10.2
"602","FCC1836","12/08/2023","west",4,2600,5,"Helichrysum pilosellum","no_root_scan",5
"603","FCC1836","12/08/2023","west",4,2600,5,"Helichrysum pilosellum","root_wet_mass",0.0427
"604","FCC1836","12/08/2023","west",4,2600,5,"Helichrysum pilosellum","root_dry_mass",0.01229
"605","FCC1836","12/08/2023","west",4,2600,5,"Helichrysum pilosellum","total_root_length",1189.366707
"606","FCC1836","12/08/2023","west",4,2600,5,"Helichrysum pilosellum","total_root_volume",84.341871
"607","FCC1836","12/08/2023","west",4,2600,5,"Helichrysum pilosellum","rd",0.277355
"608","FCC1836","12/08/2023","west",4,2600,5,"Helichrysum pilosellum","bi",0.350607
"609","FCC1836","12/08/2023","west",4,2600,5,"Helichrysum pilosellum","srl",96.7751592351505
"610","FCC1836","12/08/2023","west",4,2600,5,"Helichrysum pilosellum","rtd",0.145716473375365
"611","FCC1836","12/08/2023","west",4,2600,5,"Helichrysum pilosellum","rdmc",287.822014051522
"612","FCC1836","12/08/2023","west",4,2600,5,"Helichrysum pilosellum","tuber_wet_mass",0.5294
"613","FCC1836","12/08/2023","west",4,2600,5,"Helichrysum pilosellum","tuber_dry_mass",0.9028
"614","FCC1836","12/08/2023","west",4,2600,5,"Helichrysum pilosellum","reproductive_height",25.3
"615","FCC1836","12/08/2023","west",4,2600,5,"Helichrysum pilosellum","veg_height",3.8
"616","FCC1836","12/08/2023","west",4,2600,5,"Helichrysum pilosellum","no_leaves",1
"617","FCC1836","12/08/2023","west",4,2600,5,"Helichrysum pilosellum","leaf_wet_mass",0.5966
"618","FCC1836","12/08/2023","west",4,2600,5,"Helichrysum pilosellum","leaf_dry_mass",0.1105
"619","FCC1836","12/08/2023","west",4,2600,5,"Helichrysum pilosellum","leaf_area",10.28
"620","FCC1836","12/08/2023","west",4,2600,5,"Helichrysum pilosellum","sla",93.0316742081448
"621","FCC1836","12/08/2023","west",4,2600,5,"Helichrysum pilosellum","leaf_thickness",0.944666666666667
"622","FCC1836","12/08/2023","west",4,2600,5,"Helichrysum pilosellum","ldmc",0.185216225276567
"623","FCC1836","12/08/2023","west",4,2600,5,"Helichrysum pilosellum","bgb_agb",2.575
"624","FCC1836","12/08/2023","west",4,2600,5,"Helichrysum pilosellum","aboveground_biomass",1.2
"625","FCC1836","12/08/2023","west",4,2600,5,"Helichrysum pilosellum","belowground_biomass",3.09
"626","FCD2673","12/08/2023","west",4,2600,3,"Senecio glaberrimus","root_depth",15.4
"627","FCD2673","12/08/2023","west",4,2600,3,"Senecio glaberrimus","no_root_scan",5
"628","FCD2673","12/08/2023","west",4,2600,3,"Senecio glaberrimus","root_wet_mass",0.0245
"629","FCD2673","12/08/2023","west",4,2600,3,"Senecio glaberrimus","root_dry_mass",0.01295
"630","FCD2673","12/08/2023","west",4,2600,3,"Senecio glaberrimus","total_root_length",774.377249
"631","FCD2673","12/08/2023","west",4,2600,3,"Senecio glaberrimus","total_root_volume",60.463096
"632","FCD2673","12/08/2023","west",4,2600,3,"Senecio glaberrimus","rd",0.28904
"633","FCD2673","12/08/2023","west",4,2600,3,"Senecio glaberrimus","bi",0.37966
"634","FCD2673","12/08/2023","west",4,2600,3,"Senecio glaberrimus","srl",59.797470965251
"635","FCD2673","12/08/2023","west",4,2600,3,"Senecio glaberrimus","rtd",0.21418023317893
"636","FCD2673","12/08/2023","west",4,2600,3,"Senecio glaberrimus","rdmc",528.571428571429
"637","FCD2673","12/08/2023","west",4,2600,3,"Senecio glaberrimus","tuber_wet_mass",0.4412
"638","FCD2673","12/08/2023","west",4,2600,3,"Senecio glaberrimus","tuber_dry_mass",0.15965
"639","FCD2673","12/08/2023","west",4,2600,3,"Senecio glaberrimus","reproductive_height",41
"640","FCD2673","12/08/2023","west",4,2600,3,"Senecio glaberrimus","veg_height",19.5
"641","FCD2673","12/08/2023","west",4,2600,3,"Senecio glaberrimus","no_leaves",1
"642","FCD2673","12/08/2023","west",4,2600,3,"Senecio glaberrimus","leaf_wet_mass",0.7751
"643","FCD2673","12/08/2023","west",4,2600,3,"Senecio glaberrimus","leaf_dry_mass",0.13562
"644","FCD2673","12/08/2023","west",4,2600,3,"Senecio glaberrimus","leaf_area",15.902
"645","FCD2673","12/08/2023","west",4,2600,3,"Senecio glaberrimus","sla",117.254092316767
"646","FCD2673","12/08/2023","west",4,2600,3,"Senecio glaberrimus","leaf_thickness",0.505
"647","FCD2673","12/08/2023","west",4,2600,3,"Senecio glaberrimus","ldmc",0.17497097148755
"648","FCD2673","12/08/2023","west",4,2600,3,"Senecio glaberrimus","bgb_agb",1.02906976744186
"649","FCD2673","12/08/2023","west",4,2600,3,"Senecio glaberrimus","aboveground_biomass",1.72
"650","FCD2673","12/08/2023","west",4,2600,3,"Senecio glaberrimus","belowground_biomass",1.77
"651","FCE1581","12/05/2023","west",2,2200,4,"Eragrostis capensis","root_depth",14
"652","FCE1581","12/05/2023","west",2,2200,4,"Eragrostis capensis","no_root_scan",5
"653","FCE1581","12/05/2023","west",2,2200,4,"Eragrostis capensis","root_wet_mass",0.476
"654","FCE1581","12/05/2023","west",2,2200,4,"Eragrostis capensis","root_dry_mass",0.0178
"655","FCE1581","12/05/2023","west",2,2200,4,"Eragrostis capensis","total_root_length",1068.890457
"656","FCE1581","12/05/2023","west",2,2200,4,"Eragrostis capensis","total_root_volume",104.231651
"657","FCE1581","12/05/2023","west",2,2200,4,"Eragrostis capensis","rd",0.31962
"658","FCE1581","12/05/2023","west",2,2200,4,"Eragrostis capensis","bi",0.406964
"659","FCE1581","12/05/2023","west",2,2200,4,"Eragrostis capensis","srl",60.0500256741573
"660","FCE1581","12/05/2023","west",2,2200,4,"Eragrostis capensis","rtd",0.17077346304339
"661","FCE1581","12/05/2023","west",2,2200,4,"Eragrostis capensis","rdmc",37.3949579831933
"662","FCE1581","12/05/2023","west",2,2200,4,"Eragrostis capensis","tuber_wet_mass",NA
"663","FCE1581","12/05/2023","west",2,2200,4,"Eragrostis capensis","tuber_dry_mass",NA
"664","FCE1581","12/05/2023","west",2,2200,4,"Eragrostis capensis","reproductive_height",25.2
"665","FCE1581","12/05/2023","west",2,2200,4,"Eragrostis capensis","veg_height",8
"666","FCE1581","12/05/2023","west",2,2200,4,"Eragrostis capensis","no_leaves",5
"667","FCE1581","12/05/2023","west",2,2200,4,"Eragrostis capensis","leaf_wet_mass",0.189
"668","FCE1581","12/05/2023","west",2,2200,4,"Eragrostis capensis","leaf_dry_mass",0.0336
"669","FCE1581","12/05/2023","west",2,2200,4,"Eragrostis capensis","leaf_area",6.321
"670","FCE1581","12/05/2023","west",2,2200,4,"Eragrostis capensis","sla",188.125
"671","FCE1581","12/05/2023","west",2,2200,4,"Eragrostis capensis","leaf_thickness",0.164333333333333
"672","FCE1581","12/05/2023","west",2,2200,4,"Eragrostis capensis","ldmc",0.177777777777778
"673","FCE1581","12/05/2023","west",2,2200,4,"Eragrostis capensis","bgb_agb",1.97015134529148
"674","FCE1581","12/05/2023","west",2,2200,4,"Eragrostis capensis","aboveground_biomass",1.4272
"675","FCE1581","12/05/2023","west",2,2200,4,"Eragrostis capensis","belowground_biomass",2.8118
"676","FCF2601","12/06/2023","west",2,2200,1,"Senecio glaberrimus","root_depth",17.5
"677","FCF2601","12/06/2023","west",2,2200,1,"Senecio glaberrimus","no_root_scan",5
"678","FCF2601","12/06/2023","west",2,2200,1,"Senecio glaberrimus","root_wet_mass",0.0284
"679","FCF2601","12/06/2023","west",2,2200,1,"Senecio glaberrimus","root_dry_mass",0.0046
"680","FCF2601","12/06/2023","west",2,2200,1,"Senecio glaberrimus","total_root_length",368.713926
"681","FCF2601","12/06/2023","west",2,2200,1,"Senecio glaberrimus","total_root_volume",40.99111
"682","FCF2601","12/06/2023","west",2,2200,1,"Senecio glaberrimus","rd",0.34838
"683","FCF2601","12/06/2023","west",2,2200,1,"Senecio glaberrimus","bi",0.287486
"684","FCF2601","12/06/2023","west",2,2200,1,"Senecio glaberrimus","srl",80.1552013043478
"685","FCF2601","12/06/2023","west",2,2200,1,"Senecio glaberrimus","rtd",0.112219454413408
"686","FCF2601","12/06/2023","west",2,2200,1,"Senecio glaberrimus","rdmc",161.971830985915
"687","FCF2601","12/06/2023","west",2,2200,1,"Senecio glaberrimus","tuber_wet_mass",1.5751
"688","FCF2601","12/06/2023","west",2,2200,1,"Senecio glaberrimus","tuber_dry_mass",0.3839
"689","FCF2601","12/06/2023","west",2,2200,1,"Senecio glaberrimus","reproductive_height",46.7
"690","FCF2601","12/06/2023","west",2,2200,1,"Senecio glaberrimus","veg_height",16
"691","FCF2601","12/06/2023","west",2,2200,1,"Senecio glaberrimus","no_leaves",1
"692","FCF2601","12/06/2023","west",2,2200,1,"Senecio glaberrimus","leaf_wet_mass",0.9725
"693","FCF2601","12/06/2023","west",2,2200,1,"Senecio glaberrimus","leaf_dry_mass",0.142
"694","FCF2601","12/06/2023","west",2,2200,1,"Senecio glaberrimus","leaf_area",15.86
"695","FCF2601","12/06/2023","west",2,2200,1,"Senecio glaberrimus","sla",111.69014084507
"696","FCF2601","12/06/2023","west",2,2200,1,"Senecio glaberrimus","leaf_thickness",0.756
"697","FCF2601","12/06/2023","west",2,2200,1,"Senecio glaberrimus","ldmc",0.146015424164524
"698","FCF2601","12/06/2023","west",2,2200,1,"Senecio glaberrimus","bgb_agb",0.82783735734358
"699","FCF2601","12/06/2023","west",2,2200,1,"Senecio glaberrimus","aboveground_biomass",1.7437
"700","FCF2601","12/06/2023","west",2,2200,1,"Senecio glaberrimus","belowground_biomass",1.4435
"701","FCG9760","12/09/2023","west",3,2400,4,"Senecio glaberrimus","root_depth",10
"702","FCG9760","12/09/2023","west",3,2400,4,"Senecio glaberrimus","no_root_scan",5
"703","FCG9760","12/09/2023","west",3,2400,4,"Senecio glaberrimus","root_wet_mass",0.3908
"704","FCG9760","12/09/2023","west",3,2400,4,"Senecio glaberrimus","root_dry_mass",0.00679
"705","FCG9760","12/09/2023","west",3,2400,4,"Senecio glaberrimus","total_root_length",317.568674
"706","FCG9760","12/09/2023","west",3,2400,4,"Senecio glaberrimus","total_root_volume",23.584056
"707","FCG9760","12/09/2023","west",3,2400,4,"Senecio glaberrimus","rd",0.286003
"708","FCG9760","12/09/2023","west",3,2400,4,"Senecio glaberrimus","bi",0.267659
"709","FCG9760","12/09/2023","west",3,2400,4,"Senecio glaberrimus","srl",46.7700550810015
"710","FCG9760","12/09/2023","west",3,2400,4,"Senecio glaberrimus","rtd",0.287906371999795
"711","FCG9760","12/09/2023","west",3,2400,4,"Senecio glaberrimus","rdmc",17.374616171955
"712","FCG9760","12/09/2023","west",3,2400,4,"Senecio glaberrimus","tuber_wet_mass",0.0123
"713","FCG9760","12/09/2023","west",3,2400,4,"Senecio glaberrimus","tuber_dry_mass",0.12031
"714","FCG9760","12/09/2023","west",3,2400,4,"Senecio glaberrimus","reproductive_height",35.6
"715","FCG9760","12/09/2023","west",3,2400,4,"Senecio glaberrimus","veg_height",20
"716","FCG9760","12/09/2023","west",3,2400,4,"Senecio glaberrimus","no_leaves",1
"717","FCG9760","12/09/2023","west",3,2400,4,"Senecio glaberrimus","leaf_wet_mass",0.4215
"718","FCG9760","12/09/2023","west",3,2400,4,"Senecio glaberrimus","leaf_dry_mass",0.06366
"719","FCG9760","12/09/2023","west",3,2400,4,"Senecio glaberrimus","leaf_area",8.964
"720","FCG9760","12/09/2023","west",3,2400,4,"Senecio glaberrimus","sla",140.810556079171
"721","FCG9760","12/09/2023","west",3,2400,4,"Senecio glaberrimus","leaf_thickness",0.457
"722","FCG9760","12/09/2023","west",3,2400,4,"Senecio glaberrimus","ldmc",0.151032028469751
"723","FCG9760","12/09/2023","west",3,2400,4,"Senecio glaberrimus","bgb_agb",4.41904761904762
"724","FCG9760","12/09/2023","west",3,2400,4,"Senecio glaberrimus","aboveground_biomass",1.05
"725","FCG9760","12/09/2023","west",3,2400,4,"Senecio glaberrimus","belowground_biomass",4.64
"726","FCH5965","12/08/2023","northwest",5,2800,4,"Themeda triandra","root_depth",17.6
"727","FCH5965","12/08/2023","northwest",5,2800,4,"Themeda triandra","no_root_scan",5
"728","FCH5965","12/08/2023","northwest",5,2800,4,"Themeda triandra","root_wet_mass",0.0388
"729","FCH5965","12/08/2023","northwest",5,2800,4,"Themeda triandra","root_dry_mass",0.01159
"730","FCH5965","12/08/2023","northwest",5,2800,4,"Themeda triandra","total_root_length",1303.539685
"731","FCH5965","12/08/2023","northwest",5,2800,4,"Themeda triandra","total_root_volume",89.067164
"732","FCH5965","12/08/2023","northwest",5,2800,4,"Themeda triandra","rd",0.273399
"733","FCH5965","12/08/2023","northwest",5,2800,4,"Themeda triandra","bi",0.342912
"734","FCH5965","12/08/2023","northwest",5,2800,4,"Themeda triandra","srl",112.471068593615
"735","FCH5965","12/08/2023","northwest",5,2800,4,"Themeda triandra","rtd",0.130126518904318
"736","FCH5965","12/08/2023","northwest",5,2800,4,"Themeda triandra","rdmc",298.711340206186
"737","FCH5965","12/08/2023","northwest",5,2800,4,"Themeda triandra","tuber_wet_mass",NA
"738","FCH5965","12/08/2023","northwest",5,2800,4,"Themeda triandra","tuber_dry_mass",NA
"739","FCH5965","12/08/2023","northwest",5,2800,4,"Themeda triandra","reproductive_height",NA
"740","FCH5965","12/08/2023","northwest",5,2800,4,"Themeda triandra","veg_height",11.5
"741","FCH5965","12/08/2023","northwest",5,2800,4,"Themeda triandra","no_leaves",5
"742","FCH5965","12/08/2023","northwest",5,2800,4,"Themeda triandra","leaf_wet_mass",0.1094
"743","FCH5965","12/08/2023","northwest",5,2800,4,"Themeda triandra","leaf_dry_mass",0.03535
"744","FCH5965","12/08/2023","northwest",5,2800,4,"Themeda triandra","leaf_area",7.494
"745","FCH5965","12/08/2023","northwest",5,2800,4,"Themeda triandra","sla",211.994342291372
"746","FCH5965","12/08/2023","northwest",5,2800,4,"Themeda triandra","leaf_thickness",0.101
"747","FCH5965","12/08/2023","northwest",5,2800,4,"Themeda triandra","ldmc",0.323126142595978
"748","FCH5965","12/08/2023","northwest",5,2800,4,"Themeda triandra","bgb_agb",1.97107438016529
"749","FCH5965","12/08/2023","northwest",5,2800,4,"Themeda triandra","aboveground_biomass",2.42
"750","FCH5965","12/08/2023","northwest",5,2800,4,"Themeda triandra","belowground_biomass",4.77
"751","FCI1638","12/05/2023","west",2,2200,1,"Eragrostis capensis","root_depth",13.1
"752","FCI1638","12/05/2023","west",2,2200,1,"Eragrostis capensis","no_root_scan",5
"753","FCI1638","12/05/2023","west",2,2200,1,"Eragrostis capensis","root_wet_mass",0.0178
"754","FCI1638","12/05/2023","west",2,2200,1,"Eragrostis capensis","root_dry_mass",0.0141
"755","FCI1638","12/05/2023","west",2,2200,1,"Eragrostis capensis","total_root_length",1318.066891
"756","FCI1638","12/05/2023","west",2,2200,1,"Eragrostis capensis","total_root_volume",89.878793
"757","FCI1638","12/05/2023","west",2,2200,1,"Eragrostis capensis","rd",0.2628
"758","FCI1638","12/05/2023","west",2,2200,1,"Eragrostis capensis","bi",0.515907
"759","FCI1638","12/05/2023","west",2,2200,1,"Eragrostis capensis","srl",93.4799213475177
"760","FCI1638","12/05/2023","west",2,2200,1,"Eragrostis capensis","rtd",0.156877941162383
"761","FCI1638","12/05/2023","west",2,2200,1,"Eragrostis capensis","rdmc",792.134831460674
"762","FCI1638","12/05/2023","west",2,2200,1,"Eragrostis capensis","tuber_wet_mass",NA
"763","FCI1638","12/05/2023","west",2,2200,1,"Eragrostis capensis","tuber_dry_mass",NA
"764","FCI1638","12/05/2023","west",2,2200,1,"Eragrostis capensis","reproductive_height",29.4
"765","FCI1638","12/05/2023","west",2,2200,1,"Eragrostis capensis","veg_height",5.8
"766","FCI1638","12/05/2023","west",2,2200,1,"Eragrostis capensis","no_leaves",5
"767","FCI1638","12/05/2023","west",2,2200,1,"Eragrostis capensis","leaf_wet_mass",0.1573
"768","FCI1638","12/05/2023","west",2,2200,1,"Eragrostis capensis","leaf_dry_mass",0.0471
"769","FCI1638","12/05/2023","west",2,2200,1,"Eragrostis capensis","leaf_area",6.012
"770","FCI1638","12/05/2023","west",2,2200,1,"Eragrostis capensis","sla",127.643312101911
"771","FCI1638","12/05/2023","west",2,2200,1,"Eragrostis capensis","leaf_thickness",0.267666666666667
"772","FCI1638","12/05/2023","west",2,2200,1,"Eragrostis capensis","ldmc",0.29942784488239
"773","FCI1638","12/05/2023","west",2,2200,1,"Eragrostis capensis","bgb_agb",3.00890092879257
"774","FCI1638","12/05/2023","west",2,2200,1,"Eragrostis capensis","aboveground_biomass",0.5168
"775","FCI1638","12/05/2023","west",2,2200,1,"Eragrostis capensis","belowground_biomass",1.555
"776","FCJ1591","12/06/2023","west",2,2200,3,"Senecio glaberrimus","root_depth",13.7
"777","FCJ1591","12/06/2023","west",2,2200,3,"Senecio glaberrimus","no_root_scan",5
"778","FCJ1591","12/06/2023","west",2,2200,3,"Senecio glaberrimus","root_wet_mass",0.0249
"779","FCJ1591","12/06/2023","west",2,2200,3,"Senecio glaberrimus","root_dry_mass",0.0076
"780","FCJ1591","12/06/2023","west",2,2200,3,"Senecio glaberrimus","total_root_length",475.886684
"781","FCJ1591","12/06/2023","west",2,2200,3,"Senecio glaberrimus","total_root_volume",44.637035
"782","FCJ1591","12/06/2023","west",2,2200,3,"Senecio glaberrimus","rd",0.309084
"783","FCJ1591","12/06/2023","west",2,2200,3,"Senecio glaberrimus","bi",0.319404
"784","FCJ1591","12/06/2023","west",2,2200,3,"Senecio glaberrimus","srl",62.6166689473684
"785","FCJ1591","12/06/2023","west",2,2200,3,"Senecio glaberrimus","rtd",0.170262204915716
"786","FCJ1591","12/06/2023","west",2,2200,3,"Senecio glaberrimus","rdmc",305.220883534137
"787","FCJ1591","12/06/2023","west",2,2200,3,"Senecio glaberrimus","tuber_wet_mass",0.3529
"788","FCJ1591","12/06/2023","west",2,2200,3,"Senecio glaberrimus","tuber_dry_mass",0.1016
"789","FCJ1591","12/06/2023","west",2,2200,3,"Senecio glaberrimus","reproductive_height",21.5
"790","FCJ1591","12/06/2023","west",2,2200,3,"Senecio glaberrimus","veg_height",17.2
"791","FCJ1591","12/06/2023","west",2,2200,3,"Senecio glaberrimus","no_leaves",1
"792","FCJ1591","12/06/2023","west",2,2200,3,"Senecio glaberrimus","leaf_wet_mass",1.3984
"793","FCJ1591","12/06/2023","west",2,2200,3,"Senecio glaberrimus","leaf_dry_mass",0.2766
"794","FCJ1591","12/06/2023","west",2,2200,3,"Senecio glaberrimus","leaf_area",27.513
"795","FCJ1591","12/06/2023","west",2,2200,3,"Senecio glaberrimus","sla",99.468546637744
"796","FCJ1591","12/06/2023","west",2,2200,3,"Senecio glaberrimus","leaf_thickness",0.679
"797","FCJ1591","12/06/2023","west",2,2200,3,"Senecio glaberrimus","ldmc",0.197797482837529
"798","FCJ1591","12/06/2023","west",2,2200,3,"Senecio glaberrimus","bgb_agb",1.16893649579189
"799","FCJ1591","12/06/2023","west",2,2200,3,"Senecio glaberrimus","aboveground_biomass",0.6535
"800","FCJ1591","12/06/2023","west",2,2200,3,"Senecio glaberrimus","belowground_biomass",0.7639
"801","FCK8784","12/08/2023","west",4,2600,1,"Helichrysum pilosellum","root_depth",8
"802","FCK8784","12/08/2023","west",4,2600,1,"Helichrysum pilosellum","no_root_scan",5
"803","FCK8784","12/08/2023","west",4,2600,1,"Helichrysum pilosellum","root_wet_mass",0.0135
"804","FCK8784","12/08/2023","west",4,2600,1,"Helichrysum pilosellum","root_dry_mass",0.00865
"805","FCK8784","12/08/2023","west",4,2600,1,"Helichrysum pilosellum","total_root_length",544.592527
"806","FCK8784","12/08/2023","west",4,2600,1,"Helichrysum pilosellum","total_root_volume",36.687523
"807","FCK8784","12/08/2023","west",4,2600,1,"Helichrysum pilosellum","rd",0.277841
"808","FCK8784","12/08/2023","west",4,2600,1,"Helichrysum pilosellum","bi",0.325014
"809","FCK8784","12/08/2023","west",4,2600,1,"Helichrysum pilosellum","srl",62.9586736416185
"810","FCK8784","12/08/2023","west",4,2600,1,"Helichrysum pilosellum","rtd",0.235774979957082
"811","FCK8784","12/08/2023","west",4,2600,1,"Helichrysum pilosellum","rdmc",640.740740740741
"812","FCK8784","12/08/2023","west",4,2600,1,"Helichrysum pilosellum","tuber_wet_mass",0.2652
"813","FCK8784","12/08/2023","west",4,2600,1,"Helichrysum pilosellum","tuber_dry_mass",0.05608
"814","FCK8784","12/08/2023","west",4,2600,1,"Helichrysum pilosellum","reproductive_height",21.5
"815","FCK8784","12/08/2023","west",4,2600,1,"Helichrysum pilosellum","veg_height",5.3
"816","FCK8784","12/08/2023","west",4,2600,1,"Helichrysum pilosellum","no_leaves",1
"817","FCK8784","12/08/2023","west",4,2600,1,"Helichrysum pilosellum","leaf_wet_mass",0.4502
"818","FCK8784","12/08/2023","west",4,2600,1,"Helichrysum pilosellum","leaf_dry_mass",0.09691
"819","FCK8784","12/08/2023","west",4,2600,1,"Helichrysum pilosellum","leaf_area",8.338
"820","FCK8784","12/08/2023","west",4,2600,1,"Helichrysum pilosellum","sla",86.038592508513
"821","FCK8784","12/08/2023","west",4,2600,1,"Helichrysum pilosellum","leaf_thickness",0.905666666666667
"822","FCK8784","12/08/2023","west",4,2600,1,"Helichrysum pilosellum","ldmc",0.21525988449578
"823","FCK8784","12/08/2023","west",4,2600,1,"Helichrysum pilosellum","bgb_agb",2.74468085106383
"824","FCK8784","12/08/2023","west",4,2600,1,"Helichrysum pilosellum","aboveground_biomass",0.94
"825","FCK8784","12/08/2023","west",4,2600,1,"Helichrysum pilosellum","belowground_biomass",2.58
"826","FCL0130","12/08/2023","west",4,2600,5,"Senecio glaberrimus","root_depth",15.5
"827","FCL0130","12/08/2023","west",4,2600,5,"Senecio glaberrimus","no_root_scan",5
"828","FCL0130","12/08/2023","west",4,2600,5,"Senecio glaberrimus","root_wet_mass",0.0345
"829","FCL0130","12/08/2023","west",4,2600,5,"Senecio glaberrimus","root_dry_mass",0.01325
"830","FCL0130","12/08/2023","west",4,2600,5,"Senecio glaberrimus","total_root_length",1163.305662
"831","FCL0130","12/08/2023","west",4,2600,5,"Senecio glaberrimus","total_root_volume",83.603139
"832","FCL0130","12/08/2023","west",4,2600,5,"Senecio glaberrimus","rd",0.28242
"833","FCL0130","12/08/2023","west",4,2600,5,"Senecio glaberrimus","bi",0.328375
"834","FCL0130","12/08/2023","west",4,2600,5,"Senecio glaberrimus","srl",87.7966537358491
"835","FCL0130","12/08/2023","west",4,2600,5,"Senecio glaberrimus","rtd",0.158486872125699
"836","FCL0130","12/08/2023","west",4,2600,5,"Senecio glaberrimus","rdmc",384.057971014493
"837","FCL0130","12/08/2023","west",4,2600,5,"Senecio glaberrimus","tuber_wet_mass",0.191
"838","FCL0130","12/08/2023","west",4,2600,5,"Senecio glaberrimus","tuber_dry_mass",0.05992
"839","FCL0130","12/08/2023","west",4,2600,5,"Senecio glaberrimus","reproductive_height",29.8
"840","FCL0130","12/08/2023","west",4,2600,5,"Senecio glaberrimus","veg_height",13.9
"841","FCL0130","12/08/2023","west",4,2600,5,"Senecio glaberrimus","no_leaves",1
"842","FCL0130","12/08/2023","west",4,2600,5,"Senecio glaberrimus","leaf_wet_mass",0.714
"843","FCL0130","12/08/2023","west",4,2600,5,"Senecio glaberrimus","leaf_dry_mass",0.10252
"844","FCL0130","12/08/2023","west",4,2600,5,"Senecio glaberrimus","leaf_area",14.687
"845","FCL0130","12/08/2023","west",4,2600,5,"Senecio glaberrimus","sla",143.259851736247
"846","FCL0130","12/08/2023","west",4,2600,5,"Senecio glaberrimus","leaf_thickness",0.573
"847","FCL0130","12/08/2023","west",4,2600,5,"Senecio glaberrimus","ldmc",0.143585434173669
"848","FCL0130","12/08/2023","west",4,2600,5,"Senecio glaberrimus","bgb_agb",1.10909090909091
"849","FCL0130","12/08/2023","west",4,2600,5,"Senecio glaberrimus","aboveground_biomass",0.55
"850","FCL0130","12/08/2023","west",4,2600,5,"Senecio glaberrimus","belowground_biomass",0.61
"851","FCM1008","12/05/2023","west",2,2200,2,"Themeda triandra","root_depth",14.8
"852","FCM1008","12/05/2023","west",2,2200,2,"Themeda triandra","no_root_scan",5
"853","FCM1008","12/05/2023","west",2,2200,2,"Themeda triandra","root_wet_mass",0.0777
"854","FCM1008","12/05/2023","west",2,2200,2,"Themeda triandra","root_dry_mass",0.0322
"855","FCM1008","12/05/2023","west",2,2200,2,"Themeda triandra","total_root_length",1556.334871
"856","FCM1008","12/05/2023","west",2,2200,2,"Themeda triandra","total_root_volume",145.213469
"857","FCM1008","12/05/2023","west",2,2200,2,"Themeda triandra","rd",0.306359
"858","FCM1008","12/05/2023","west",2,2200,2,"Themeda triandra","bi",0.502463
"859","FCM1008","12/05/2023","west",2,2200,2,"Themeda triandra","srl",48.3333810869565
"860","FCM1008","12/05/2023","west",2,2200,2,"Themeda triandra","rtd",0.221742516184914
"861","FCM1008","12/05/2023","west",2,2200,2,"Themeda triandra","rdmc",414.414414414414
"862","FCM1008","12/05/2023","west",2,2200,2,"Themeda triandra","tuber_wet_mass",NA
"863","FCM1008","12/05/2023","west",2,2200,2,"Themeda triandra","tuber_dry_mass",NA
"864","FCM1008","12/05/2023","west",2,2200,2,"Themeda triandra","reproductive_height",25.8
"865","FCM1008","12/05/2023","west",2,2200,2,"Themeda triandra","veg_height",15.5
"866","FCM1008","12/05/2023","west",2,2200,2,"Themeda triandra","no_leaves",5
"867","FCM1008","12/05/2023","west",2,2200,2,"Themeda triandra","leaf_wet_mass",0.1016
"868","FCM1008","12/05/2023","west",2,2200,2,"Themeda triandra","leaf_dry_mass",0.0353
"869","FCM1008","12/05/2023","west",2,2200,2,"Themeda triandra","leaf_area",9.166
"870","FCM1008","12/05/2023","west",2,2200,2,"Themeda triandra","sla",259.660056657224
"871","FCM1008","12/05/2023","west",2,2200,2,"Themeda triandra","leaf_thickness",0.143666666666667
"872","FCM1008","12/05/2023","west",2,2200,2,"Themeda triandra","ldmc",0.34744094488189
"873","FCM1008","12/05/2023","west",2,2200,2,"Themeda triandra","bgb_agb",1.23811085601837
"874","FCM1008","12/05/2023","west",2,2200,2,"Themeda triandra","aboveground_biomass",3.049
"875","FCM1008","12/05/2023","west",2,2200,2,"Themeda triandra","belowground_biomass",3.775
"876","FCN7125","12/06/2023","west",2,2200,4,"Senecio glaberrimus","root_depth",10
"877","FCN7125","12/06/2023","west",2,2200,4,"Senecio glaberrimus","no_root_scan",4
"878","FCN7125","12/06/2023","west",2,2200,4,"Senecio glaberrimus","root_wet_mass",0.0537
"879","FCN7125","12/06/2023","west",2,2200,4,"Senecio glaberrimus","root_dry_mass",0.0155
"880","FCN7125","12/06/2023","west",2,2200,4,"Senecio glaberrimus","total_root_length",772.075513
"881","FCN7125","12/06/2023","west",2,2200,4,"Senecio glaberrimus","total_root_volume",78.73045
"882","FCN7125","12/06/2023","west",2,2200,4,"Senecio glaberrimus","rd",0.326135
"883","FCN7125","12/06/2023","west",2,2200,4,"Senecio glaberrimus","bi",0.374316
"884","FCN7125","12/06/2023","west",2,2200,4,"Senecio glaberrimus","srl",49.8113234193548
"885","FCN7125","12/06/2023","west",2,2200,4,"Senecio glaberrimus","rtd",0.19687427164458
"886","FCN7125","12/06/2023","west",2,2200,4,"Senecio glaberrimus","rdmc",288.640595903166
"887","FCN7125","12/06/2023","west",2,2200,4,"Senecio glaberrimus","tuber_wet_mass",0.1616
"888","FCN7125","12/06/2023","west",2,2200,4,"Senecio glaberrimus","tuber_dry_mass",0.0572
"889","FCN7125","12/06/2023","west",2,2200,4,"Senecio glaberrimus","reproductive_height",37.2
"890","FCN7125","12/06/2023","west",2,2200,4,"Senecio glaberrimus","veg_height",19.8
"891","FCN7125","12/06/2023","west",2,2200,4,"Senecio glaberrimus","no_leaves",1
"892","FCN7125","12/06/2023","west",2,2200,4,"Senecio glaberrimus","leaf_wet_mass",0.9094
"893","FCN7125","12/06/2023","west",2,2200,4,"Senecio glaberrimus","leaf_dry_mass",0.1676
"894","FCN7125","12/06/2023","west",2,2200,4,"Senecio glaberrimus","leaf_area",16.615
"895","FCN7125","12/06/2023","west",2,2200,4,"Senecio glaberrimus","sla",99.1348448687351
"896","FCN7125","12/06/2023","west",2,2200,4,"Senecio glaberrimus","leaf_thickness",0.627666666666667
"897","FCN7125","12/06/2023","west",2,2200,4,"Senecio glaberrimus","ldmc",0.184297338904772
"898","FCN7125","12/06/2023","west",2,2200,4,"Senecio glaberrimus","bgb_agb",0.728243908294323
"899","FCN7125","12/06/2023","west",2,2200,4,"Senecio glaberrimus","aboveground_biomass",0.8331
"900","FCN7125","12/06/2023","west",2,2200,4,"Senecio glaberrimus","belowground_biomass",0.6067
"901","FCO4501","12/08/2023","west",4,2600,3,"Helichrysum pilosellum","root_depth",7
"902","FCO4501","12/08/2023","west",4,2600,3,"Helichrysum pilosellum","no_root_scan",3
"903","FCO4501","12/08/2023","west",4,2600,3,"Helichrysum pilosellum","root_wet_mass",0.0146
"904","FCO4501","12/08/2023","west",4,2600,3,"Helichrysum pilosellum","root_dry_mass",0.00493
"905","FCO4501","12/08/2023","west",4,2600,3,"Helichrysum pilosellum","total_root_length",490.106341
"906","FCO4501","12/08/2023","west",4,2600,3,"Helichrysum pilosellum","total_root_volume",27.432873
"907","FCO4501","12/08/2023","west",4,2600,3,"Helichrysum pilosellum","rd",0.255907
"908","FCO4501","12/08/2023","west",4,2600,3,"Helichrysum pilosellum","bi",0.248926
"909","FCO4501","12/08/2023","west",4,2600,3,"Helichrysum pilosellum","srl",99.4130509127789
"910","FCO4501","12/08/2023","west",4,2600,3,"Helichrysum pilosellum","rtd",0.179711399531504
"911","FCO4501","12/08/2023","west",4,2600,3,"Helichrysum pilosellum","rdmc",337.671232876712
"912","FCO4501","12/08/2023","west",4,2600,3,"Helichrysum pilosellum","tuber_wet_mass",0.6765
"913","FCO4501","12/08/2023","west",4,2600,3,"Helichrysum pilosellum","tuber_dry_mass",0.1592
"914","FCO4501","12/08/2023","west",4,2600,3,"Helichrysum pilosellum","reproductive_height",21.2
"915","FCO4501","12/08/2023","west",4,2600,3,"Helichrysum pilosellum","veg_height",5.1
"916","FCO4501","12/08/2023","west",4,2600,3,"Helichrysum pilosellum","no_leaves",1
"917","FCO4501","12/08/2023","west",4,2600,3,"Helichrysum pilosellum","leaf_wet_mass",0.7561
"918","FCO4501","12/08/2023","west",4,2600,3,"Helichrysum pilosellum","leaf_dry_mass",0.15403
"919","FCO4501","12/08/2023","west",4,2600,3,"Helichrysum pilosellum","leaf_area",14.178
"920","FCO4501","12/08/2023","west",4,2600,3,"Helichrysum pilosellum","sla",92.0470038304227
"921","FCO4501","12/08/2023","west",4,2600,3,"Helichrysum pilosellum","leaf_thickness",0.953666666666667
"922","FCO4501","12/08/2023","west",4,2600,3,"Helichrysum pilosellum","ldmc",0.203716439624388
"923","FCO4501","12/08/2023","west",4,2600,3,"Helichrysum pilosellum","bgb_agb",1.125
"924","FCO4501","12/08/2023","west",4,2600,3,"Helichrysum pilosellum","aboveground_biomass",1.04
"925","FCO4501","12/08/2023","west",4,2600,3,"Helichrysum pilosellum","belowground_biomass",1.17
"926","FCP0847","12/08/2023","west",4,2600,3,"Themeda triandra","root_depth",14.8
"927","FCP0847","12/08/2023","west",4,2600,3,"Themeda triandra","no_root_scan",5
"928","FCP0847","12/08/2023","west",4,2600,3,"Themeda triandra","root_wet_mass",0.0304
"929","FCP0847","12/08/2023","west",4,2600,3,"Themeda triandra","root_dry_mass",0.0105
"930","FCP0847","12/08/2023","west",4,2600,3,"Themeda triandra","total_root_length",1049.86903
"931","FCP0847","12/08/2023","west",4,2600,3,"Themeda triandra","total_root_volume",74.93593
"932","FCP0847","12/08/2023","west",4,2600,3,"Themeda triandra","rd",0.278884
"933","FCP0847","12/08/2023","west",4,2600,3,"Themeda triandra","bi",0.364807
"934","FCP0847","12/08/2023","west",4,2600,3,"Themeda triandra","srl",99.9875266666666
"935","FCP0847","12/08/2023","west",4,2600,3,"Themeda triandra","rtd",0.140119699588702
"936","FCP0847","12/08/2023","west",4,2600,3,"Themeda triandra","rdmc",345.394736842105
"937","FCP0847","12/08/2023","west",4,2600,3,"Themeda triandra","tuber_wet_mass",NA
"938","FCP0847","12/08/2023","west",4,2600,3,"Themeda triandra","tuber_dry_mass",NA
"939","FCP0847","12/08/2023","west",4,2600,3,"Themeda triandra","reproductive_height",22.5
"940","FCP0847","12/08/2023","west",4,2600,3,"Themeda triandra","veg_height",21.5
"941","FCP0847","12/08/2023","west",4,2600,3,"Themeda triandra","no_leaves",4
"942","FCP0847","12/08/2023","west",4,2600,3,"Themeda triandra","leaf_wet_mass",0.1935
"943","FCP0847","12/08/2023","west",4,2600,3,"Themeda triandra","leaf_dry_mass",0.04616
"944","FCP0847","12/08/2023","west",4,2600,3,"Themeda triandra","leaf_area",8.839
"945","FCP0847","12/08/2023","west",4,2600,3,"Themeda triandra","sla",191.486135181976
"946","FCP0847","12/08/2023","west",4,2600,3,"Themeda triandra","leaf_thickness",0.247
"947","FCP0847","12/08/2023","west",4,2600,3,"Themeda triandra","ldmc",0.238552971576227
"948","FCP0847","12/08/2023","west",4,2600,3,"Themeda triandra","bgb_agb",4.28571428571429
"949","FCP0847","12/08/2023","west",4,2600,3,"Themeda triandra","aboveground_biomass",1.75
"950","FCP0847","12/08/2023","west",4,2600,3,"Themeda triandra","belowground_biomass",7.5
"951","FCQ4012","12/06/2023","west",2,2200,5,"Helichrysum pilosellum","root_depth",9
"952","FCQ4012","12/06/2023","west",2,2200,5,"Helichrysum pilosellum","no_root_scan",5
"953","FCQ4012","12/06/2023","west",2,2200,5,"Helichrysum pilosellum","root_wet_mass",0.0997
"954","FCQ4012","12/06/2023","west",2,2200,5,"Helichrysum pilosellum","root_dry_mass",0.0482
"955","FCQ4012","12/06/2023","west",2,2200,5,"Helichrysum pilosellum","total_root_length",966.875065
"956","FCQ4012","12/06/2023","west",2,2200,5,"Helichrysum pilosellum","total_root_volume",129.933781
"957","FCQ4012","12/06/2023","west",2,2200,5,"Helichrysum pilosellum","rd",0.360265
"958","FCQ4012","12/06/2023","west",2,2200,5,"Helichrysum pilosellum","bi",0.411635
"959","FCQ4012","12/06/2023","west",2,2200,5,"Helichrysum pilosellum","srl",20.0596486514523
"960","FCQ4012","12/06/2023","west",2,2200,5,"Helichrysum pilosellum","rtd",0.370958188309782
"961","FCQ4012","12/06/2023","west",2,2200,5,"Helichrysum pilosellum","rdmc",483.45035105316
"962","FCQ4012","12/06/2023","west",2,2200,5,"Helichrysum pilosellum","tuber_wet_mass",0.7861
"963","FCQ4012","12/06/2023","west",2,2200,5,"Helichrysum pilosellum","tuber_dry_mass",0.2234
"964","FCQ4012","12/06/2023","west",2,2200,5,"Helichrysum pilosellum","reproductive_height",19.5
"965","FCQ4012","12/06/2023","west",2,2200,5,"Helichrysum pilosellum","veg_height",7.5
"966","FCQ4012","12/06/2023","west",2,2200,5,"Helichrysum pilosellum","no_leaves",1
"967","FCQ4012","12/06/2023","west",2,2200,5,"Helichrysum pilosellum","leaf_wet_mass",1.0034
"968","FCQ4012","12/06/2023","west",2,2200,5,"Helichrysum pilosellum","leaf_dry_mass",0.2235
"969","FCQ4012","12/06/2023","west",2,2200,5,"Helichrysum pilosellum","leaf_area",19.653
"970","FCQ4012","12/06/2023","west",2,2200,5,"Helichrysum pilosellum","sla",87.9328859060403
"971","FCQ4012","12/06/2023","west",2,2200,5,"Helichrysum pilosellum","leaf_thickness",1.232
"972","FCQ4012","12/06/2023","west",2,2200,5,"Helichrysum pilosellum","ldmc",0.222742674905322
"973","FCQ4012","12/06/2023","west",2,2200,5,"Helichrysum pilosellum","bgb_agb",4.2786878866882
"974","FCQ4012","12/06/2023","west",2,2200,5,"Helichrysum pilosellum","aboveground_biomass",2.5699
"975","FCQ4012","12/06/2023","west",2,2200,5,"Helichrysum pilosellum","belowground_biomass",10.9958
"976","FCR0255","12/06/2023","west",2,2200,3,"Helichrysum pilosellum","root_depth",9
"977","FCR0255","12/06/2023","west",2,2200,3,"Helichrysum pilosellum","no_root_scan",4
"978","FCR0255","12/06/2023","west",2,2200,3,"Helichrysum pilosellum","root_wet_mass",0.0088
"979","FCR0255","12/06/2023","west",2,2200,3,"Helichrysum pilosellum","root_dry_mass",0.0032
"980","FCR0255","12/06/2023","west",2,2200,3,"Helichrysum pilosellum","total_root_length",210.729988
"981","FCR0255","12/06/2023","west",2,2200,3,"Helichrysum pilosellum","total_root_volume",21.344409
"982","FCR0255","12/06/2023","west",2,2200,3,"Helichrysum pilosellum","rd",0.323119
"983","FCR0255","12/06/2023","west",2,2200,3,"Helichrysum pilosellum","bi",0.588431
"984","FCR0255","12/06/2023","west",2,2200,3,"Helichrysum pilosellum","srl",65.85312125
"985","FCR0255","12/06/2023","west",2,2200,3,"Helichrysum pilosellum","rtd",0.149922164628686
"986","FCR0255","12/06/2023","west",2,2200,3,"Helichrysum pilosellum","rdmc",363.636363636364
"987","FCR0255","12/06/2023","west",2,2200,3,"Helichrysum pilosellum","tuber_wet_mass",0.8201
"988","FCR0255","12/06/2023","west",2,2200,3,"Helichrysum pilosellum","tuber_dry_mass",0.183
"989","FCR0255","12/06/2023","west",2,2200,3,"Helichrysum pilosellum","reproductive_height",9.1
"990","FCR0255","12/06/2023","west",2,2200,3,"Helichrysum pilosellum","veg_height",10
"991","FCR0255","12/06/2023","west",2,2200,3,"Helichrysum pilosellum","no_leaves",1
"992","FCR0255","12/06/2023","west",2,2200,3,"Helichrysum pilosellum","leaf_wet_mass",1.5822
"993","FCR0255","12/06/2023","west",2,2200,3,"Helichrysum pilosellum","leaf_dry_mass",0.2741
"994","FCR0255","12/06/2023","west",2,2200,3,"Helichrysum pilosellum","leaf_area",24.207
"995","FCR0255","12/06/2023","west",2,2200,3,"Helichrysum pilosellum","sla",88.3144837650492
"996","FCR0255","12/06/2023","west",2,2200,3,"Helichrysum pilosellum","leaf_thickness",1.248
"997","FCR0255","12/06/2023","west",2,2200,3,"Helichrysum pilosellum","ldmc",0.173239792693718
"998","FCR0255","12/06/2023","west",2,2200,3,"Helichrysum pilosellum","bgb_agb",2.17951742627346
"999","FCR0255","12/06/2023","west",2,2200,3,"Helichrysum pilosellum","aboveground_biomass",2.7975
"1000","FCR0255","12/06/2023","west",2,2200,3,"Helichrysum pilosellum","belowground_biomass",6.0972
"1001","FCS7407","12/08/2023","west",4,2600,4,"Helichrysum pilosellum","root_depth",9
"1002","FCS7407","12/08/2023","west",4,2600,4,"Helichrysum pilosellum","no_root_scan",5
"1003","FCS7407","12/08/2023","west",4,2600,4,"Helichrysum pilosellum","root_wet_mass",0.0277
"1004","FCS7407","12/08/2023","west",4,2600,4,"Helichrysum pilosellum","root_dry_mass",0.01312
"1005","FCS7407","12/08/2023","west",4,2600,4,"Helichrysum pilosellum","total_root_length",629.694274
"1006","FCS7407","12/08/2023","west",4,2600,4,"Helichrysum pilosellum","total_root_volume",40.605331
"1007","FCS7407","12/08/2023","west",4,2600,4,"Helichrysum pilosellum","rd",0.272705
"1008","FCS7407","12/08/2023","west",4,2600,4,"Helichrysum pilosellum","bi",0.311262
"1009","FCS7407","12/08/2023","west",4,2600,4,"Helichrysum pilosellum","srl",47.9949903963415
"1010","FCS7407","12/08/2023","west",4,2600,4,"Helichrysum pilosellum","rtd",0.323110283228574
"1011","FCS7407","12/08/2023","west",4,2600,4,"Helichrysum pilosellum","rdmc",473.646209386281
"1012","FCS7407","12/08/2023","west",4,2600,4,"Helichrysum pilosellum","tuber_wet_mass",0.6582
"1013","FCS7407","12/08/2023","west",4,2600,4,"Helichrysum pilosellum","tuber_dry_mass",0.12652
"1014","FCS7407","12/08/2023","west",4,2600,4,"Helichrysum pilosellum","reproductive_height",25.2
"1015","FCS7407","12/08/2023","west",4,2600,4,"Helichrysum pilosellum","veg_height",6.4
"1016","FCS7407","12/08/2023","west",4,2600,4,"Helichrysum pilosellum","no_leaves",1
"1017","FCS7407","12/08/2023","west",4,2600,4,"Helichrysum pilosellum","leaf_wet_mass",0.8883
"1018","FCS7407","12/08/2023","west",4,2600,4,"Helichrysum pilosellum","leaf_dry_mass",0.13588
"1019","FCS7407","12/08/2023","west",4,2600,4,"Helichrysum pilosellum","leaf_area",15.074
"1020","FCS7407","12/08/2023","west",4,2600,4,"Helichrysum pilosellum","sla",110.936120105976
"1021","FCS7407","12/08/2023","west",4,2600,4,"Helichrysum pilosellum","leaf_thickness",0.765666666666667
"1022","FCS7407","12/08/2023","west",4,2600,4,"Helichrysum pilosellum","ldmc",0.152966340200383
"1023","FCS7407","12/08/2023","west",4,2600,4,"Helichrysum pilosellum","bgb_agb",2.57668711656442
"1024","FCS7407","12/08/2023","west",4,2600,4,"Helichrysum pilosellum","aboveground_biomass",1.63
"1025","FCS7407","12/08/2023","west",4,2600,4,"Helichrysum pilosellum","belowground_biomass",4.2
"1026","FCT4052","12/08/2023","west",4,2600,2,"Themeda triandra","root_depth",18
"1027","FCT4052","12/08/2023","west",4,2600,2,"Themeda triandra","no_root_scan",4
"1028","FCT4052","12/08/2023","west",4,2600,2,"Themeda triandra","root_wet_mass",0.0481
"1029","FCT4052","12/08/2023","west",4,2600,2,"Themeda triandra","root_dry_mass",0.01797
"1030","FCT4052","12/08/2023","west",4,2600,2,"Themeda triandra","total_root_length",1353.774059
"1031","FCT4052","12/08/2023","west",4,2600,2,"Themeda triandra","total_root_volume",112.656251
"1032","FCT4052","12/08/2023","west",4,2600,2,"Themeda triandra","rd",0.293154
"1033","FCT4052","12/08/2023","west",4,2600,2,"Themeda triandra","bi",0.391498
"1034","FCT4052","12/08/2023","west",4,2600,2,"Themeda triandra","srl",75.3352286588759
"1035","FCT4052","12/08/2023","west",4,2600,2,"Themeda triandra","rtd",0.159511787765776
"1036","FCT4052","12/08/2023","west",4,2600,2,"Themeda triandra","rdmc",373.596673596674
"1037","FCT4052","12/08/2023","west",4,2600,2,"Themeda triandra","tuber_wet_mass",NA
"1038","FCT4052","12/08/2023","west",4,2600,2,"Themeda triandra","tuber_dry_mass",NA
"1039","FCT4052","12/08/2023","west",4,2600,2,"Themeda triandra","reproductive_height",36.2
"1040","FCT4052","12/08/2023","west",4,2600,2,"Themeda triandra","veg_height",9.4
"1041","FCT4052","12/08/2023","west",4,2600,2,"Themeda triandra","no_leaves",5
"1042","FCT4052","12/08/2023","west",4,2600,2,"Themeda triandra","leaf_wet_mass",0.1821
"1043","FCT4052","12/08/2023","west",4,2600,2,"Themeda triandra","leaf_dry_mass",0.06666
"1044","FCT4052","12/08/2023","west",4,2600,2,"Themeda triandra","leaf_area",14.458
"1045","FCT4052","12/08/2023","west",4,2600,2,"Themeda triandra","sla",216.891689168917
"1046","FCT4052","12/08/2023","west",4,2600,2,"Themeda triandra","leaf_thickness",0.116333333333333
"1047","FCT4052","12/08/2023","west",4,2600,2,"Themeda triandra","ldmc",0.366062602965404
"1048","FCT4052","12/08/2023","west",4,2600,2,"Themeda triandra","bgb_agb",5.72
"1049","FCT4052","12/08/2023","west",4,2600,2,"Themeda triandra","aboveground_biomass",0.5
"1050","FCT4052","12/08/2023","west",4,2600,2,"Themeda triandra","belowground_biomass",2.86
"1051","FCU3875","12/06/2023","west",2,2200,5,"Senecio glaberrimus","root_depth",8
"1052","FCU3875","12/06/2023","west",2,2200,5,"Senecio glaberrimus","no_root_scan",5
"1053","FCU3875","12/06/2023","west",2,2200,5,"Senecio glaberrimus","root_wet_mass",0.072
"1054","FCU3875","12/06/2023","west",2,2200,5,"Senecio glaberrimus","root_dry_mass",0.0218
"1055","FCU3875","12/06/2023","west",2,2200,5,"Senecio glaberrimus","total_root_length",1101.43895
"1056","FCU3875","12/06/2023","west",2,2200,5,"Senecio glaberrimus","total_root_volume",127.17214
"1057","FCU3875","12/06/2023","west",2,2200,5,"Senecio glaberrimus","rd",0.354316
"1058","FCU3875","12/06/2023","west",2,2200,5,"Senecio glaberrimus","bi",0.34228
"1059","FCU3875","12/06/2023","west",2,2200,5,"Senecio glaberrimus","srl",50.5247224770642
"1060","FCU3875","12/06/2023","west",2,2200,5,"Senecio glaberrimus","rtd",0.171421193352569
"1061","FCU3875","12/06/2023","west",2,2200,5,"Senecio glaberrimus","rdmc",302.777777777778
"1062","FCU3875","12/06/2023","west",2,2200,5,"Senecio glaberrimus","tuber_wet_mass",0.1772
"1063","FCU3875","12/06/2023","west",2,2200,5,"Senecio glaberrimus","tuber_dry_mass",0.0488
"1064","FCU3875","12/06/2023","west",2,2200,5,"Senecio glaberrimus","reproductive_height",27.4
"1065","FCU3875","12/06/2023","west",2,2200,5,"Senecio glaberrimus","veg_height",15.6
"1066","FCU3875","12/06/2023","west",2,2200,5,"Senecio glaberrimus","no_leaves",1
"1067","FCU3875","12/06/2023","west",2,2200,5,"Senecio glaberrimus","leaf_wet_mass",0.5447
"1068","FCU3875","12/06/2023","west",2,2200,5,"Senecio glaberrimus","leaf_dry_mass",0.1179
"1069","FCU3875","12/06/2023","west",2,2200,5,"Senecio glaberrimus","leaf_area",10.442
"1070","FCU3875","12/06/2023","west",2,2200,5,"Senecio glaberrimus","sla",88.5665818490246
"1071","FCU3875","12/06/2023","west",2,2200,5,"Senecio glaberrimus","leaf_thickness",0.742
"1072","FCU3875","12/06/2023","west",2,2200,5,"Senecio glaberrimus","ldmc",0.216449421700018
"1073","FCU3875","12/06/2023","west",2,2200,5,"Senecio glaberrimus","bgb_agb",1.22140492828246
"1074","FCU3875","12/06/2023","west",2,2200,5,"Senecio glaberrimus","aboveground_biomass",0.5438
"1075","FCU3875","12/06/2023","west",2,2200,5,"Senecio glaberrimus","belowground_biomass",0.6642
"1076","FCV8597","12/06/2023","west",2,2200,4,"Helichrysum pilosellum","root_depth",15
"1077","FCV8597","12/06/2023","west",2,2200,4,"Helichrysum pilosellum","no_root_scan",5
"1078","FCV8597","12/06/2023","west",2,2200,4,"Helichrysum pilosellum","root_wet_mass",0.0498
"1079","FCV8597","12/06/2023","west",2,2200,4,"Helichrysum pilosellum","root_dry_mass",0.0185
"1080","FCV8597","12/06/2023","west",2,2200,4,"Helichrysum pilosellum","total_root_length",1009.189064
"1081","FCV8597","12/06/2023","west",2,2200,4,"Helichrysum pilosellum","total_root_volume",86.689275
"1082","FCV8597","12/06/2023","west",2,2200,4,"Helichrysum pilosellum","rd",0.305654
"1083","FCV8597","12/06/2023","west",2,2200,4,"Helichrysum pilosellum","bi",0.296277
"1084","FCV8597","12/06/2023","west",2,2200,4,"Helichrysum pilosellum","srl",54.5507602162162
"1085","FCV8597","12/06/2023","west",2,2200,4,"Helichrysum pilosellum","rtd",0.213405868257636
"1086","FCV8597","12/06/2023","west",2,2200,4,"Helichrysum pilosellum","rdmc",371.4859437751
"1087","FCV8597","12/06/2023","west",2,2200,4,"Helichrysum pilosellum","tuber_wet_mass",0.5776
"1088","FCV8597","12/06/2023","west",2,2200,4,"Helichrysum pilosellum","tuber_dry_mass",0.1581
"1089","FCV8597","12/06/2023","west",2,2200,4,"Helichrysum pilosellum","reproductive_height",27.5
"1090","FCV8597","12/06/2023","west",2,2200,4,"Helichrysum pilosellum","veg_height",7.5
"1091","FCV8597","12/06/2023","west",2,2200,4,"Helichrysum pilosellum","no_leaves",1
"1092","FCV8597","12/06/2023","west",2,2200,4,"Helichrysum pilosellum","leaf_wet_mass",0.8705
"1093","FCV8597","12/06/2023","west",2,2200,4,"Helichrysum pilosellum","leaf_dry_mass",0.1887
"1094","FCV8597","12/06/2023","west",2,2200,4,"Helichrysum pilosellum","leaf_area",18.178
"1095","FCV8597","12/06/2023","west",2,2200,4,"Helichrysum pilosellum","sla",96.3328033916269
"1096","FCV8597","12/06/2023","west",2,2200,4,"Helichrysum pilosellum","leaf_thickness",1.09533333333333
"1097","FCV8597","12/06/2023","west",2,2200,4,"Helichrysum pilosellum","ldmc",0.216771970132108
"1098","FCV8597","12/06/2023","west",2,2200,4,"Helichrysum pilosellum","bgb_agb",2.78001429907056
"1099","FCV8597","12/06/2023","west",2,2200,4,"Helichrysum pilosellum","aboveground_biomass",1.8183
"1100","FCV8597","12/06/2023","west",2,2200,4,"Helichrysum pilosellum","belowground_biomass",5.0549
"1101","FCW1015","12/08/2023","west",4,2600,2,"Helichrysum pilosellum","root_depth",9.8
"1102","FCW1015","12/08/2023","west",4,2600,2,"Helichrysum pilosellum","no_root_scan",5
"1103","FCW1015","12/08/2023","west",4,2600,2,"Helichrysum pilosellum","root_wet_mass",0.0501
"1104","FCW1015","12/08/2023","west",4,2600,2,"Helichrysum pilosellum","root_dry_mass",0.01431
"1105","FCW1015","12/08/2023","west",4,2600,2,"Helichrysum pilosellum","total_root_length",830.649605
"1106","FCW1015","12/08/2023","west",4,2600,2,"Helichrysum pilosellum","total_root_volume",88.879016
"1107","FCW1015","12/08/2023","west",4,2600,2,"Helichrysum pilosellum","rd",0.326452
"1108","FCW1015","12/08/2023","west",4,2600,2,"Helichrysum pilosellum","bi",0.400891
"1109","FCW1015","12/08/2023","west",4,2600,2,"Helichrysum pilosellum","srl",58.0467928022362
"1110","FCW1015","12/08/2023","west",4,2600,2,"Helichrysum pilosellum","rtd",0.161005382867875
"1111","FCW1015","12/08/2023","west",4,2600,2,"Helichrysum pilosellum","rdmc",285.62874251497
"1112","FCW1015","12/08/2023","west",4,2600,2,"Helichrysum pilosellum","tuber_wet_mass",0.7454
"1113","FCW1015","12/08/2023","west",4,2600,2,"Helichrysum pilosellum","tuber_dry_mass",0.14541
"1114","FCW1015","12/08/2023","west",4,2600,2,"Helichrysum pilosellum","reproductive_height",30.1
"1115","FCW1015","12/08/2023","west",4,2600,2,"Helichrysum pilosellum","veg_height",6.5
"1116","FCW1015","12/08/2023","west",4,2600,2,"Helichrysum pilosellum","no_leaves",1
"1117","FCW1015","12/08/2023","west",4,2600,2,"Helichrysum pilosellum","leaf_wet_mass",1.6296
"1118","FCW1015","12/08/2023","west",4,2600,2,"Helichrysum pilosellum","leaf_dry_mass",0.19215
"1119","FCW1015","12/08/2023","west",4,2600,2,"Helichrysum pilosellum","leaf_area",15.302
"1120","FCW1015","12/08/2023","west",4,2600,2,"Helichrysum pilosellum","sla",79.6357012750455
"1121","FCW1015","12/08/2023","west",4,2600,2,"Helichrysum pilosellum","leaf_thickness",0.893333333333333
"1122","FCW1015","12/08/2023","west",4,2600,2,"Helichrysum pilosellum","ldmc",0.117912371134021
"1123","FCW1015","12/08/2023","west",4,2600,2,"Helichrysum pilosellum","bgb_agb",3.13366336633663
"1124","FCW1015","12/08/2023","west",4,2600,2,"Helichrysum pilosellum","aboveground_biomass",2.02
"1125","FCW1015","12/08/2023","west",4,2600,2,"Helichrysum pilosellum","belowground_biomass",6.33
"1126","FCX5914","12/08/2023","west",4,2600,1,"Themeda triandra","root_depth",17
"1127","FCX5914","12/08/2023","west",4,2600,1,"Themeda triandra","no_root_scan",4
"1128","FCX5914","12/08/2023","west",4,2600,1,"Themeda triandra","root_wet_mass",0.0296
"1129","FCX5914","12/08/2023","west",4,2600,1,"Themeda triandra","root_dry_mass",0.01187
"1130","FCX5914","12/08/2023","west",4,2600,1,"Themeda triandra","total_root_length",1095.216982
"1131","FCX5914","12/08/2023","west",4,2600,1,"Themeda triandra","total_root_volume",65.49297
"1132","FCX5914","12/08/2023","west",4,2600,1,"Themeda triandra","rd",0.255433
"1133","FCX5914","12/08/2023","west",4,2600,1,"Themeda triandra","bi",0.416356
"1134","FCX5914","12/08/2023","west",4,2600,1,"Themeda triandra","srl",92.267648020219
"1135","FCX5914","12/08/2023","west",4,2600,1,"Themeda triandra","rtd",0.18124082630548
"1136","FCX5914","12/08/2023","west",4,2600,1,"Themeda triandra","rdmc",401.013513513514
"1137","FCX5914","12/08/2023","west",4,2600,1,"Themeda triandra","tuber_wet_mass",NA
"1138","FCX5914","12/08/2023","west",4,2600,1,"Themeda triandra","tuber_dry_mass",NA
"1139","FCX5914","12/08/2023","west",4,2600,1,"Themeda triandra","reproductive_height",17.5
"1140","FCX5914","12/08/2023","west",4,2600,1,"Themeda triandra","veg_height",9.2
"1141","FCX5914","12/08/2023","west",4,2600,1,"Themeda triandra","no_leaves",5
"1142","FCX5914","12/08/2023","west",4,2600,1,"Themeda triandra","leaf_wet_mass",0.1726
"1143","FCX5914","12/08/2023","west",4,2600,1,"Themeda triandra","leaf_dry_mass",0.05718
"1144","FCX5914","12/08/2023","west",4,2600,1,"Themeda triandra","leaf_area",13.664
"1145","FCX5914","12/08/2023","west",4,2600,1,"Themeda triandra","sla",238.964672962574
"1146","FCX5914","12/08/2023","west",4,2600,1,"Themeda triandra","leaf_thickness",0.133
"1147","FCX5914","12/08/2023","west",4,2600,1,"Themeda triandra","ldmc",0.331286210892236
"1148","FCX5914","12/08/2023","west",4,2600,1,"Themeda triandra","bgb_agb",2.10472972972973
"1149","FCX5914","12/08/2023","west",4,2600,1,"Themeda triandra","aboveground_biomass",2.96
"1150","FCX5914","12/08/2023","west",4,2600,1,"Themeda triandra","belowground_biomass",6.23
"1151","FDB8375","12/08/2023","west",4,2600,1,"Harpochloa falx","root_depth",15.5
"1152","FDB8375","12/08/2023","west",4,2600,1,"Harpochloa falx","no_root_scan",5
"1153","FDB8375","12/08/2023","west",4,2600,1,"Harpochloa falx","root_wet_mass",0.0229
"1154","FDB8375","12/08/2023","west",4,2600,1,"Harpochloa falx","root_dry_mass",0.01028
"1155","FDB8375","12/08/2023","west",4,2600,1,"Harpochloa falx","total_root_length",1272.809424
"1156","FDB8375","12/08/2023","west",4,2600,1,"Harpochloa falx","total_root_volume",67.709641
"1157","FDB8375","12/08/2023","west",4,2600,1,"Harpochloa falx","rd",0.246384
"1158","FDB8375","12/08/2023","west",4,2600,1,"Harpochloa falx","bi",0.385761
"1159","FDB8375","12/08/2023","west",4,2600,1,"Harpochloa falx","srl",123.814146303502
"1160","FDB8375","12/08/2023","west",4,2600,1,"Harpochloa falx","rtd",0.151824760081064
"1161","FDB8375","12/08/2023","west",4,2600,1,"Harpochloa falx","rdmc",448.908296943231
"1162","FDB8375","12/08/2023","west",4,2600,1,"Harpochloa falx","tuber_wet_mass",NA
"1163","FDB8375","12/08/2023","west",4,2600,1,"Harpochloa falx","tuber_dry_mass",NA
"1164","FDB8375","12/08/2023","west",4,2600,1,"Harpochloa falx","reproductive_height",23.5
"1165","FDB8375","12/08/2023","west",4,2600,1,"Harpochloa falx","veg_height",10
"1166","FDB8375","12/08/2023","west",4,2600,1,"Harpochloa falx","no_leaves",5
"1167","FDB8375","12/08/2023","west",4,2600,1,"Harpochloa falx","leaf_wet_mass",0.459
"1168","FDB8375","12/08/2023","west",4,2600,1,"Harpochloa falx","leaf_dry_mass",0.10583
"1169","FDB8375","12/08/2023","west",4,2600,1,"Harpochloa falx","leaf_area",11.294
"1170","FDB8375","12/08/2023","west",4,2600,1,"Harpochloa falx","sla",106.718321836908
"1171","FDB8375","12/08/2023","west",4,2600,1,"Harpochloa falx","leaf_thickness",0.348666666666667
"1172","FDB8375","12/08/2023","west",4,2600,1,"Harpochloa falx","ldmc",0.230566448801743
"1173","FDB8375","12/08/2023","west",4,2600,1,"Harpochloa falx","bgb_agb",7.05947955390335
"1174","FDB8375","12/08/2023","west",4,2600,1,"Harpochloa falx","aboveground_biomass",2.69
"1175","FDB8375","12/08/2023","west",4,2600,1,"Harpochloa falx","belowground_biomass",18.99
"1176","FDF3034","12/09/2023","west",3,2400,3,"Harpochloa falx","root_depth",12
"1177","FDF3034","12/09/2023","west",3,2400,3,"Harpochloa falx","no_root_scan",4
"1178","FDF3034","12/09/2023","west",3,2400,3,"Harpochloa falx","root_wet_mass",0.0372
"1179","FDF3034","12/09/2023","west",3,2400,3,"Harpochloa falx","root_dry_mass",0.0131
"1180","FDF3034","12/09/2023","west",3,2400,3,"Harpochloa falx","total_root_length",651.10214
"1181","FDF3034","12/09/2023","west",3,2400,3,"Harpochloa falx","total_root_volume",52.992536
"1182","FDF3034","12/09/2023","west",3,2400,3,"Harpochloa falx","rd",0.293245
"1183","FDF3034","12/09/2023","west",3,2400,3,"Harpochloa falx","bi",0.307171
"1184","FDF3034","12/09/2023","west",3,2400,3,"Harpochloa falx","srl",49.7024534351145
"1185","FDF3034","12/09/2023","west",3,2400,3,"Harpochloa falx","rtd",0.247204625194763
"1186","FDF3034","12/09/2023","west",3,2400,3,"Harpochloa falx","rdmc",352.150537634409
"1187","FDF3034","12/09/2023","west",3,2400,3,"Harpochloa falx","tuber_wet_mass",NA
"1188","FDF3034","12/09/2023","west",3,2400,3,"Harpochloa falx","tuber_dry_mass",NA
"1189","FDF3034","12/09/2023","west",3,2400,3,"Harpochloa falx","reproductive_height",22
"1190","FDF3034","12/09/2023","west",3,2400,3,"Harpochloa falx","veg_height",15
"1191","FDF3034","12/09/2023","west",3,2400,3,"Harpochloa falx","no_leaves",5
"1192","FDF3034","12/09/2023","west",3,2400,3,"Harpochloa falx","leaf_wet_mass",0.852
"1193","FDF3034","12/09/2023","west",3,2400,3,"Harpochloa falx","leaf_dry_mass",0.17765
"1194","FDF3034","12/09/2023","west",3,2400,3,"Harpochloa falx","leaf_area",26.82
"1195","FDF3034","12/09/2023","west",3,2400,3,"Harpochloa falx","sla",150.971010413735
"1196","FDF3034","12/09/2023","west",3,2400,3,"Harpochloa falx","leaf_thickness",0.395333333333333
"1197","FDF3034","12/09/2023","west",3,2400,3,"Harpochloa falx","ldmc",0.208509389671362
"1198","FDF3034","12/09/2023","west",3,2400,3,"Harpochloa falx","bgb_agb",1.05381165919283
"1199","FDF3034","12/09/2023","west",3,2400,3,"Harpochloa falx","aboveground_biomass",8.92
"1200","FDF3034","12/09/2023","west",3,2400,3,"Harpochloa falx","belowground_biomass",9.4
"1201","FDJ1565","12/09/2023","west",3,2400,2,"Harpochloa falx","root_depth",10
"1202","FDJ1565","12/09/2023","west",3,2400,2,"Harpochloa falx","no_root_scan",5
"1203","FDJ1565","12/09/2023","west",3,2400,2,"Harpochloa falx","root_wet_mass",0.2574
"1204","FDJ1565","12/09/2023","west",3,2400,2,"Harpochloa falx","root_dry_mass",0.10309
"1205","FDJ1565","12/09/2023","west",3,2400,2,"Harpochloa falx","total_root_length",2471.003003
"1206","FDJ1565","12/09/2023","west",3,2400,2,"Harpochloa falx","total_root_volume",271.691198
"1207","FDJ1565","12/09/2023","west",3,2400,2,"Harpochloa falx","rd",0.326106
"1208","FDJ1565","12/09/2023","west",3,2400,2,"Harpochloa falx","bi",0.374342
"1209","FDJ1565","12/09/2023","west",3,2400,2,"Harpochloa falx","srl",23.9693763022602
"1210","FDJ1565","12/09/2023","west",3,2400,2,"Harpochloa falx","rtd",0.379438129607717
"1211","FDJ1565","12/09/2023","west",3,2400,2,"Harpochloa falx","rdmc",400.50505050505
"1212","FDJ1565","12/09/2023","west",3,2400,2,"Harpochloa falx","tuber_wet_mass",NA
"1213","FDJ1565","12/09/2023","west",3,2400,2,"Harpochloa falx","tuber_dry_mass",NA
"1214","FDJ1565","12/09/2023","west",3,2400,2,"Harpochloa falx","reproductive_height",35.3
"1215","FDJ1565","12/09/2023","west",3,2400,2,"Harpochloa falx","veg_height",13.3
"1216","FDJ1565","12/09/2023","west",3,2400,2,"Harpochloa falx","no_leaves",5
"1217","FDJ1565","12/09/2023","west",3,2400,2,"Harpochloa falx","leaf_wet_mass",0.8073
"1218","FDJ1565","12/09/2023","west",3,2400,2,"Harpochloa falx","leaf_dry_mass",0.12571
"1219","FDJ1565","12/09/2023","west",3,2400,2,"Harpochloa falx","leaf_area",26.855
"1220","FDJ1565","12/09/2023","west",3,2400,2,"Harpochloa falx","sla",213.626600906849
"1221","FDJ1565","12/09/2023","west",3,2400,2,"Harpochloa falx","leaf_thickness",0.336666666666667
"1222","FDJ1565","12/09/2023","west",3,2400,2,"Harpochloa falx","ldmc",0.155716586151369
"1223","FDJ1565","12/09/2023","west",3,2400,2,"Harpochloa falx","bgb_agb",1.43623426382047
"1224","FDJ1565","12/09/2023","west",3,2400,2,"Harpochloa falx","aboveground_biomass",18.27
"1225","FDJ1565","12/09/2023","west",3,2400,2,"Harpochloa falx","belowground_biomass",26.24
"1226","FDN1018","12/09/2023","west",3,2400,1,"Harpochloa falx","root_depth",13
"1227","FDN1018","12/09/2023","west",3,2400,1,"Harpochloa falx","no_root_scan",4
"1228","FDN1018","12/09/2023","west",3,2400,1,"Harpochloa falx","root_wet_mass",0.1848
"1229","FDN1018","12/09/2023","west",3,2400,1,"Harpochloa falx","root_dry_mass",0.06653
"1230","FDN1018","12/09/2023","west",3,2400,1,"Harpochloa falx","total_root_length",1398.335213
"1231","FDN1018","12/09/2023","west",3,2400,1,"Harpochloa falx","total_root_volume",204.599001
"1232","FDN1018","12/09/2023","west",3,2400,1,"Harpochloa falx","rd",0.35809
"1233","FDN1018","12/09/2023","west",3,2400,1,"Harpochloa falx","bi",0.396185
"1234","FDN1018","12/09/2023","west",3,2400,1,"Harpochloa falx","srl",21.0181153314294
"1235","FDN1018","12/09/2023","west",3,2400,1,"Harpochloa falx","rtd",0.325172653213492
"1236","FDN1018","12/09/2023","west",3,2400,1,"Harpochloa falx","rdmc",360.010822510823
"1237","FDN1018","12/09/2023","west",3,2400,1,"Harpochloa falx","tuber_wet_mass",NA
"1238","FDN1018","12/09/2023","west",3,2400,1,"Harpochloa falx","tuber_dry_mass",NA
"1239","FDN1018","12/09/2023","west",3,2400,1,"Harpochloa falx","reproductive_height",28.6
"1240","FDN1018","12/09/2023","west",3,2400,1,"Harpochloa falx","veg_height",13.5
"1241","FDN1018","12/09/2023","west",3,2400,1,"Harpochloa falx","no_leaves",5
"1242","FDN1018","12/09/2023","west",3,2400,1,"Harpochloa falx","leaf_wet_mass",0.6985
"1243","FDN1018","12/09/2023","west",3,2400,1,"Harpochloa falx","leaf_dry_mass",0.15285
"1244","FDN1018","12/09/2023","west",3,2400,1,"Harpochloa falx","leaf_area",21.979
"1245","FDN1018","12/09/2023","west",3,2400,1,"Harpochloa falx","sla",143.794569839712
"1246","FDN1018","12/09/2023","west",3,2400,1,"Harpochloa falx","leaf_thickness",0.345
"1247","FDN1018","12/09/2023","west",3,2400,1,"Harpochloa falx","ldmc",0.21882605583393
"1248","FDN1018","12/09/2023","west",3,2400,1,"Harpochloa falx","bgb_agb",0.245134309152324
"1249","FDN1018","12/09/2023","west",3,2400,1,"Harpochloa falx","aboveground_biomass",62.17
"1250","FDN1018","12/09/2023","west",3,2400,1,"Harpochloa falx","belowground_biomass",15.24
"1251","FDR6843","12/09/2023","west",3,2400,5,"Themeda triandra","root_depth",19.6
"1252","FDR6843","12/09/2023","west",3,2400,5,"Themeda triandra","no_root_scan",5
"1253","FDR6843","12/09/2023","west",3,2400,5,"Themeda triandra","root_wet_mass",0.0381
"1254","FDR6843","12/09/2023","west",3,2400,5,"Themeda triandra","root_dry_mass",0.01659
"1255","FDR6843","12/09/2023","west",3,2400,5,"Themeda triandra","total_root_length",1321.921252
"1256","FDR6843","12/09/2023","west",3,2400,5,"Themeda triandra","total_root_volume",85.149809
"1257","FDR6843","12/09/2023","west",3,2400,5,"Themeda triandra","rd",0.260498
"1258","FDR6843","12/09/2023","west",3,2400,5,"Themeda triandra","bi",0.389584
"1259","FDR6843","12/09/2023","west",3,2400,5,"Themeda triandra","srl",79.6818114526823
"1260","FDR6843","12/09/2023","west",3,2400,5,"Themeda triandra","rtd",0.194833085297936
"1261","FDR6843","12/09/2023","west",3,2400,5,"Themeda triandra","rdmc",435.433070866142
"1262","FDR6843","12/09/2023","west",3,2400,5,"Themeda triandra","tuber_wet_mass",NA
"1263","FDR6843","12/09/2023","west",3,2400,5,"Themeda triandra","tuber_dry_mass",NA
"1264","FDR6843","12/09/2023","west",3,2400,5,"Themeda triandra","reproductive_height",23.9
"1265","FDR6843","12/09/2023","west",3,2400,5,"Themeda triandra","veg_height",20.1
"1266","FDR6843","12/09/2023","west",3,2400,5,"Themeda triandra","no_leaves",5
"1267","FDR6843","12/09/2023","west",3,2400,5,"Themeda triandra","leaf_wet_mass",0.2408
"1268","FDR6843","12/09/2023","west",3,2400,5,"Themeda triandra","leaf_dry_mass",0.0898
"1269","FDR6843","12/09/2023","west",3,2400,5,"Themeda triandra","leaf_area",19.969
"1270","FDR6843","12/09/2023","west",3,2400,5,"Themeda triandra","sla",222.371937639198
"1271","FDR6843","12/09/2023","west",3,2400,5,"Themeda triandra","leaf_thickness",0.185
"1272","FDR6843","12/09/2023","west",3,2400,5,"Themeda triandra","ldmc",0.372923588039867
"1273","FDR6843","12/09/2023","west",3,2400,5,"Themeda triandra","bgb_agb",4.63829787234043
"1274","FDR6843","12/09/2023","west",3,2400,5,"Themeda triandra","aboveground_biomass",2.35
"1275","FDR6843","12/09/2023","west",3,2400,5,"Themeda triandra","belowground_biomass",10.9
"1276","FDV4335","12/09/2023","west",3,2400,4,"Themeda triandra","root_depth",21.6
"1277","FDV4335","12/09/2023","west",3,2400,4,"Themeda triandra","no_root_scan",4
"1278","FDV4335","12/09/2023","west",3,2400,4,"Themeda triandra","root_wet_mass",0.0436
"1279","FDV4335","12/09/2023","west",3,2400,4,"Themeda triandra","root_dry_mass",0.01805
"1280","FDV4335","12/09/2023","west",3,2400,4,"Themeda triandra","total_root_length",1325.862079
"1281","FDV4335","12/09/2023","west",3,2400,4,"Themeda triandra","total_root_volume",79.482784
"1282","FDV4335","12/09/2023","west",3,2400,4,"Themeda triandra","rd",0.252789
"1283","FDV4335","12/09/2023","west",3,2400,4,"Themeda triandra","bi",0.367308
"1284","FDV4335","12/09/2023","west",3,2400,4,"Themeda triandra","srl",73.4549628254848
"1285","FDV4335","12/09/2023","west",3,2400,4,"Themeda triandra","rtd",0.22709320297588
"1286","FDV4335","12/09/2023","west",3,2400,4,"Themeda triandra","rdmc",413.990825688073
"1287","FDV4335","12/09/2023","west",3,2400,4,"Themeda triandra","tuber_wet_mass",NA
"1288","FDV4335","12/09/2023","west",3,2400,4,"Themeda triandra","tuber_dry_mass",NA
"1289","FDV4335","12/09/2023","west",3,2400,4,"Themeda triandra","reproductive_height",24.6
"1290","FDV4335","12/09/2023","west",3,2400,4,"Themeda triandra","veg_height",13.2
"1291","FDV4335","12/09/2023","west",3,2400,4,"Themeda triandra","no_leaves",5
"1292","FDV4335","12/09/2023","west",3,2400,4,"Themeda triandra","leaf_wet_mass",0.1258
"1293","FDV4335","12/09/2023","west",3,2400,4,"Themeda triandra","leaf_dry_mass",0.04521
"1294","FDV4335","12/09/2023","west",3,2400,4,"Themeda triandra","leaf_area",11.387
"1295","FDV4335","12/09/2023","west",3,2400,4,"Themeda triandra","sla",251.869055518691
"1296","FDV4335","12/09/2023","west",3,2400,4,"Themeda triandra","leaf_thickness",0.127
"1297","FDV4335","12/09/2023","west",3,2400,4,"Themeda triandra","ldmc",0.359379968203498
"1298","FDV4335","12/09/2023","west",3,2400,4,"Themeda triandra","bgb_agb",6.48414985590778
"1299","FDV4335","12/09/2023","west",3,2400,4,"Themeda triandra","aboveground_biomass",3.47
"1300","FDV4335","12/09/2023","west",3,2400,4,"Themeda triandra","belowground_biomass",22.5
"1301","FDY4037","12/09/2023","west",3,2400,5,"Helichrysum pilosellum","root_depth",8
"1302","FDY4037","12/09/2023","west",3,2400,5,"Helichrysum pilosellum","no_root_scan",3
"1303","FDY4037","12/09/2023","west",3,2400,5,"Helichrysum pilosellum","root_wet_mass",0.0172
"1304","FDY4037","12/09/2023","west",3,2400,5,"Helichrysum pilosellum","root_dry_mass",0.00573
"1305","FDY4037","12/09/2023","west",3,2400,5,"Helichrysum pilosellum","total_root_length",529.354592
"1306","FDY4037","12/09/2023","west",3,2400,5,"Helichrysum pilosellum","total_root_volume",28.417527
"1307","FDY4037","12/09/2023","west",3,2400,5,"Helichrysum pilosellum","rd",0.239963
"1308","FDY4037","12/09/2023","west",3,2400,5,"Helichrysum pilosellum","bi",0.408044
"1309","FDY4037","12/09/2023","west",3,2400,5,"Helichrysum pilosellum","srl",92.3830003490402
"1310","FDY4037","12/09/2023","west",3,2400,5,"Helichrysum pilosellum","rtd",0.201636124072302
"1311","FDY4037","12/09/2023","west",3,2400,5,"Helichrysum pilosellum","rdmc",333.139534883721
"1312","FDY4037","12/09/2023","west",3,2400,5,"Helichrysum pilosellum","tuber_wet_mass",0.2983
"1313","FDY4037","12/09/2023","west",3,2400,5,"Helichrysum pilosellum","tuber_dry_mass",0.06399
"1314","FDY4037","12/09/2023","west",3,2400,5,"Helichrysum pilosellum","reproductive_height",28.8
"1315","FDY4037","12/09/2023","west",3,2400,5,"Helichrysum pilosellum","veg_height",5.3
"1316","FDY4037","12/09/2023","west",3,2400,5,"Helichrysum pilosellum","no_leaves",1
"1317","FDY4037","12/09/2023","west",3,2400,5,"Helichrysum pilosellum","leaf_wet_mass",0.8981
"1318","FDY4037","12/09/2023","west",3,2400,5,"Helichrysum pilosellum","leaf_dry_mass",0.17296
"1319","FDY4037","12/09/2023","west",3,2400,5,"Helichrysum pilosellum","leaf_area",14.956
"1320","FDY4037","12/09/2023","west",3,2400,5,"Helichrysum pilosellum","sla",86.4708603145236
"1321","FDY4037","12/09/2023","west",3,2400,5,"Helichrysum pilosellum","leaf_thickness",0.891666666666667
"1322","FDY4037","12/09/2023","west",3,2400,5,"Helichrysum pilosellum","ldmc",0.192584344727759
"1323","FDY4037","12/09/2023","west",3,2400,5,"Helichrysum pilosellum","bgb_agb",2.77922077922078
"1324","FDY4037","12/09/2023","west",3,2400,5,"Helichrysum pilosellum","aboveground_biomass",1.54
"1325","FDY4037","12/09/2023","west",3,2400,5,"Helichrysum pilosellum","belowground_biomass",4.28
"1326","FDZ1151","12/09/2023","west",3,2400,3,"Themeda triandra","root_depth",21.5
"1327","FDZ1151","12/09/2023","west",3,2400,3,"Themeda triandra","no_root_scan",5
"1328","FDZ1151","12/09/2023","west",3,2400,3,"Themeda triandra","root_wet_mass",0.0314
"1329","FDZ1151","12/09/2023","west",3,2400,3,"Themeda triandra","root_dry_mass",0.013
"1330","FDZ1151","12/09/2023","west",3,2400,3,"Themeda triandra","total_root_length",1140.441533
"1331","FDZ1151","12/09/2023","west",3,2400,3,"Themeda triandra","total_root_volume",63.558866
"1332","FDZ1151","12/09/2023","west",3,2400,3,"Themeda triandra","rd",0.246726
"1333","FDZ1151","12/09/2023","west",3,2400,3,"Themeda triandra","bi",0.416505
"1334","FDZ1151","12/09/2023","west",3,2400,3,"Themeda triandra","srl",87.7262717692308
"1335","FDZ1151","12/09/2023","west",3,2400,3,"Themeda triandra","rtd",0.204534800856894
"1336","FDZ1151","12/09/2023","west",3,2400,3,"Themeda triandra","rdmc",414.012738853503
"1337","FDZ1151","12/09/2023","west",3,2400,3,"Themeda triandra","tuber_wet_mass",NA
"1338","FDZ1151","12/09/2023","west",3,2400,3,"Themeda triandra","tuber_dry_mass",NA
"1339","FDZ1151","12/09/2023","west",3,2400,3,"Themeda triandra","reproductive_height",37.6
"1340","FDZ1151","12/09/2023","west",3,2400,3,"Themeda triandra","veg_height",19.5
"1341","FDZ1151","12/09/2023","west",3,2400,3,"Themeda triandra","no_leaves",5
"1342","FDZ1151","12/09/2023","west",3,2400,3,"Themeda triandra","leaf_wet_mass",0.2419
"1343","FDZ1151","12/09/2023","west",3,2400,3,"Themeda triandra","leaf_dry_mass",0.08581
"1344","FDZ1151","12/09/2023","west",3,2400,3,"Themeda triandra","leaf_area",12.063
"1345","FDZ1151","12/09/2023","west",3,2400,3,"Themeda triandra","sla",140.578021209649
"1346","FDZ1151","12/09/2023","west",3,2400,3,"Themeda triandra","leaf_thickness",0.276666666666667
"1347","FDZ1151","12/09/2023","west",3,2400,3,"Themeda triandra","ldmc",0.354733360892931
"1348","FDZ1151","12/09/2023","west",3,2400,3,"Themeda triandra","bgb_agb",7.49056603773585
"1349","FDZ1151","12/09/2023","west",3,2400,3,"Themeda triandra","aboveground_biomass",3.18
"1350","FDZ1151","12/09/2023","west",3,2400,3,"Themeda triandra","belowground_biomass",23.82
"1351","FEC6189","12/09/2023","west",3,2400,4,"Eragrostis capensis","root_depth",12.5
"1352","FEC6189","12/09/2023","west",3,2400,4,"Eragrostis capensis","no_root_scan",5
"1353","FEC6189","12/09/2023","west",3,2400,4,"Eragrostis capensis","root_wet_mass",0.028
"1354","FEC6189","12/09/2023","west",3,2400,4,"Eragrostis capensis","root_dry_mass",0.00904
"1355","FEC6189","12/09/2023","west",3,2400,4,"Eragrostis capensis","total_root_length",949.475283
"1356","FEC6189","12/09/2023","west",3,2400,4,"Eragrostis capensis","total_root_volume",50.716781
"1357","FEC6189","12/09/2023","west",3,2400,4,"Eragrostis capensis","rd",0.237315
"1358","FEC6189","12/09/2023","west",3,2400,4,"Eragrostis capensis","bi",0.351773
"1359","FEC6189","12/09/2023","west",3,2400,4,"Eragrostis capensis","srl",105.030451659292
"1360","FEC6189","12/09/2023","west",3,2400,4,"Eragrostis capensis","rtd",0.178244750982914
"1361","FEC6189","12/09/2023","west",3,2400,4,"Eragrostis capensis","rdmc",322.857142857143
"1362","FEC6189","12/09/2023","west",3,2400,4,"Eragrostis capensis","tuber_wet_mass",NA
"1363","FEC6189","12/09/2023","west",3,2400,4,"Eragrostis capensis","tuber_dry_mass",NA
"1364","FEC6189","12/09/2023","west",3,2400,4,"Eragrostis capensis","reproductive_height",20.8
"1365","FEC6189","12/09/2023","west",3,2400,4,"Eragrostis capensis","veg_height",11.6
"1366","FEC6189","12/09/2023","west",3,2400,4,"Eragrostis capensis","no_leaves",5
"1367","FEC6189","12/09/2023","west",3,2400,4,"Eragrostis capensis","leaf_wet_mass",0.1414
"1368","FEC6189","12/09/2023","west",3,2400,4,"Eragrostis capensis","leaf_dry_mass",0.04062
"1369","FEC6189","12/09/2023","west",3,2400,4,"Eragrostis capensis","leaf_area",7.398
"1370","FEC6189","12/09/2023","west",3,2400,4,"Eragrostis capensis","sla",182.127031019202
"1371","FEC6189","12/09/2023","west",3,2400,4,"Eragrostis capensis","leaf_thickness",0.212666666666667
"1372","FEC6189","12/09/2023","west",3,2400,4,"Eragrostis capensis","ldmc",0.287270155586987
"1373","FEC6189","12/09/2023","west",3,2400,4,"Eragrostis capensis","bgb_agb",8.54838709677419
"1374","FEC6189","12/09/2023","west",3,2400,4,"Eragrostis capensis","aboveground_biomass",0.93
"1375","FEC6189","12/09/2023","west",3,2400,4,"Eragrostis capensis","belowground_biomass",7.95
"1376","FED1194","12/09/2023","west",3,2400,2,"Themeda triandra","root_depth",16.5
"1377","FED1194","12/09/2023","west",3,2400,2,"Themeda triandra","no_root_scan",4
"1378","FED1194","12/09/2023","west",3,2400,2,"Themeda triandra","root_wet_mass",0.0288
"1379","FED1194","12/09/2023","west",3,2400,2,"Themeda triandra","root_dry_mass",0.01425
"1380","FED1194","12/09/2023","west",3,2400,2,"Themeda triandra","total_root_length",536.457227
"1381","FED1194","12/09/2023","west",3,2400,2,"Themeda triandra","total_root_volume",44.263995
"1382","FED1194","12/09/2023","west",3,2400,2,"Themeda triandra","rd",0.292776
"1383","FED1194","12/09/2023","west",3,2400,2,"Themeda triandra","bi",0.443651
"1384","FED1194","12/09/2023","west",3,2400,2,"Themeda triandra","srl",37.6461211929825
"1385","FED1194","12/09/2023","west",3,2400,2,"Themeda triandra","rtd",0.321932080464043
"1386","FED1194","12/09/2023","west",3,2400,2,"Themeda triandra","rdmc",494.791666666667
"1387","FED1194","12/09/2023","west",3,2400,2,"Themeda triandra","tuber_wet_mass",NA
"1388","FED1194","12/09/2023","west",3,2400,2,"Themeda triandra","tuber_dry_mass",NA
"1389","FED1194","12/09/2023","west",3,2400,2,"Themeda triandra","reproductive_height",28.5
"1390","FED1194","12/09/2023","west",3,2400,2,"Themeda triandra","veg_height",16
"1391","FED1194","12/09/2023","west",3,2400,2,"Themeda triandra","no_leaves",5
"1392","FED1194","12/09/2023","west",3,2400,2,"Themeda triandra","leaf_wet_mass",0.174
"1393","FED1194","12/09/2023","west",3,2400,2,"Themeda triandra","leaf_dry_mass",0.06445
"1394","FED1194","12/09/2023","west",3,2400,2,"Themeda triandra","leaf_area",17.111
"1395","FED1194","12/09/2023","west",3,2400,2,"Themeda triandra","sla",265.492629945694
"1396","FED1194","12/09/2023","west",3,2400,2,"Themeda triandra","leaf_thickness",0.13
"1397","FED1194","12/09/2023","west",3,2400,2,"Themeda triandra","ldmc",0.370402298850575
"1398","FED1194","12/09/2023","west",3,2400,2,"Themeda triandra","bgb_agb",0.854406130268199
"1399","FED1194","12/09/2023","west",3,2400,2,"Themeda triandra","aboveground_biomass",2.61
"1400","FED1194","12/09/2023","west",3,2400,2,"Themeda triandra","belowground_biomass",2.23
"1401","FEG8108","12/09/2023","west",3,2400,5,"Senecio glaberrimus","root_depth",10
"1402","FEG8108","12/09/2023","west",3,2400,5,"Senecio glaberrimus","no_root_scan",4
"1403","FEG8108","12/09/2023","west",3,2400,5,"Senecio glaberrimus","root_wet_mass",0.0266
"1404","FEG8108","12/09/2023","west",3,2400,5,"Senecio glaberrimus","root_dry_mass",0.00948
"1405","FEG8108","12/09/2023","west",3,2400,5,"Senecio glaberrimus","total_root_length",802.913315
"1406","FEG8108","12/09/2023","west",3,2400,5,"Senecio glaberrimus","total_root_volume",46.825722
"1407","FEG8108","12/09/2023","west",3,2400,5,"Senecio glaberrimus","rd",0.251685
"1408","FEG8108","12/09/2023","west",3,2400,5,"Senecio glaberrimus","bi",0.404776
"1409","FEG8108","12/09/2023","west",3,2400,5,"Senecio glaberrimus","srl",84.6954973628692
"1410","FEG8108","12/09/2023","west",3,2400,5,"Senecio glaberrimus","rtd",0.202452831373321
"1411","FEG8108","12/09/2023","west",3,2400,5,"Senecio glaberrimus","rdmc",356.390977443609
"1412","FEG8108","12/09/2023","west",3,2400,5,"Senecio glaberrimus","tuber_wet_mass",0.242
"1413","FEG8108","12/09/2023","west",3,2400,5,"Senecio glaberrimus","tuber_dry_mass",0.08927
"1414","FEG8108","12/09/2023","west",3,2400,5,"Senecio glaberrimus","reproductive_height",42.2
"1415","FEG8108","12/09/2023","west",3,2400,5,"Senecio glaberrimus","veg_height",21.3
"1416","FEG8108","12/09/2023","west",3,2400,5,"Senecio glaberrimus","no_leaves",1
"1417","FEG8108","12/09/2023","west",3,2400,5,"Senecio glaberrimus","leaf_wet_mass",1.018
"1418","FEG8108","12/09/2023","west",3,2400,5,"Senecio glaberrimus","leaf_dry_mass",0.16146
"1419","FEG8108","12/09/2023","west",3,2400,5,"Senecio glaberrimus","leaf_area",17.96
"1420","FEG8108","12/09/2023","west",3,2400,5,"Senecio glaberrimus","sla",111.234980800198
"1421","FEG8108","12/09/2023","west",3,2400,5,"Senecio glaberrimus","leaf_thickness",0.603
"1422","FEG8108","12/09/2023","west",3,2400,5,"Senecio glaberrimus","ldmc",0.15860510805501
"1423","FEG8108","12/09/2023","west",3,2400,5,"Senecio glaberrimus","bgb_agb",1.56122448979592
"1424","FEG8108","12/09/2023","west",3,2400,5,"Senecio glaberrimus","aboveground_biomass",0.98
"1425","FEG8108","12/09/2023","west",3,2400,5,"Senecio glaberrimus","belowground_biomass",1.53
"1426","FEH0081","12/09/2023","west",3,2400,1,"Themeda triandra","root_depth",19
"1427","FEH0081","12/09/2023","west",3,2400,1,"Themeda triandra","no_root_scan",5
"1428","FEH0081","12/09/2023","west",3,2400,1,"Themeda triandra","root_wet_mass",0.0237
"1429","FEH0081","12/09/2023","west",3,2400,1,"Themeda triandra","root_dry_mass",0.0102
"1430","FEH0081","12/09/2023","west",3,2400,1,"Themeda triandra","total_root_length",857.687413
"1431","FEH0081","12/09/2023","west",3,2400,1,"Themeda triandra","total_root_volume",64.205967
"1432","FEH0081","12/09/2023","west",3,2400,1,"Themeda triandra","rd",0.272998
"1433","FEH0081","12/09/2023","west",3,2400,1,"Themeda triandra","bi",0.458209
"1434","FEH0081","12/09/2023","west",3,2400,1,"Themeda triandra","srl",84.0870012745098
"1435","FEH0081","12/09/2023","west",3,2400,1,"Themeda triandra","rtd",0.158863739253394
"1436","FEH0081","12/09/2023","west",3,2400,1,"Themeda triandra","rdmc",430.379746835443
"1437","FEH0081","12/09/2023","west",3,2400,1,"Themeda triandra","tuber_wet_mass",NA
"1438","FEH0081","12/09/2023","west",3,2400,1,"Themeda triandra","tuber_dry_mass",NA
"1439","FEH0081","12/09/2023","west",3,2400,1,"Themeda triandra","reproductive_height",31
"1440","FEH0081","12/09/2023","west",3,2400,1,"Themeda triandra","veg_height",18.9
"1441","FEH0081","12/09/2023","west",3,2400,1,"Themeda triandra","no_leaves",5
"1442","FEH0081","12/09/2023","west",3,2400,1,"Themeda triandra","leaf_wet_mass",0.234
"1443","FEH0081","12/09/2023","west",3,2400,1,"Themeda triandra","leaf_dry_mass",0.07888
"1444","FEH0081","12/09/2023","west",3,2400,1,"Themeda triandra","leaf_area",14.873
"1445","FEH0081","12/09/2023","west",3,2400,1,"Themeda triandra","sla",188.552231237323
"1446","FEH0081","12/09/2023","west",3,2400,1,"Themeda triandra","leaf_thickness",0.142
"1447","FEH0081","12/09/2023","west",3,2400,1,"Themeda triandra","ldmc",0.337094017094017
"1448","FEH0081","12/09/2023","west",3,2400,1,"Themeda triandra","bgb_agb",0.937262357414449
"1449","FEH0081","12/09/2023","west",3,2400,1,"Themeda triandra","aboveground_biomass",5.26
"1450","FEH0081","12/09/2023","west",3,2400,1,"Themeda triandra","belowground_biomass",4.93
"1451","FEL2208","12/08/2023","west",4,2600,3,"Eragrostis capensis","root_depth",17.2
"1452","FEL2208","12/08/2023","west",4,2600,3,"Eragrostis capensis","no_root_scan",5
"1453","FEL2208","12/08/2023","west",4,2600,3,"Eragrostis capensis","root_wet_mass",0.026
"1454","FEL2208","12/08/2023","west",4,2600,3,"Eragrostis capensis","root_dry_mass",0.01002
"1455","FEL2208","12/08/2023","west",4,2600,3,"Eragrostis capensis","total_root_length",961.957474
"1456","FEL2208","12/08/2023","west",4,2600,3,"Eragrostis capensis","total_root_volume",56.500935
"1457","FEL2208","12/08/2023","west",4,2600,3,"Eragrostis capensis","rd",0.256532
"1458","FEL2208","12/08/2023","west",4,2600,3,"Eragrostis capensis","bi",0.369039
"1459","FEL2208","12/08/2023","west",4,2600,3,"Eragrostis capensis","srl",96.0037399201597
"1460","FEL2208","12/08/2023","west",4,2600,3,"Eragrostis capensis","rtd",0.177342197965396
"1461","FEL2208","12/08/2023","west",4,2600,3,"Eragrostis capensis","rdmc",385.384615384615
"1462","FEL2208","12/08/2023","west",4,2600,3,"Eragrostis capensis","tuber_wet_mass",NA
"1463","FEL2208","12/08/2023","west",4,2600,3,"Eragrostis capensis","tuber_dry_mass",NA
"1464","FEL2208","12/08/2023","west",4,2600,3,"Eragrostis capensis","reproductive_height",26.2
"1465","FEL2208","12/08/2023","west",4,2600,3,"Eragrostis capensis","veg_height",9.5
"1466","FEL2208","12/08/2023","west",4,2600,3,"Eragrostis capensis","no_leaves",5
"1467","FEL2208","12/08/2023","west",4,2600,3,"Eragrostis capensis","leaf_wet_mass",0.1797
"1468","FEL2208","12/08/2023","west",4,2600,3,"Eragrostis capensis","leaf_dry_mass",0.05629
"1469","FEL2208","12/08/2023","west",4,2600,3,"Eragrostis capensis","leaf_area",10.299
"1470","FEL2208","12/08/2023","west",4,2600,3,"Eragrostis capensis","sla",182.963226150293
"1471","FEL2208","12/08/2023","west",4,2600,3,"Eragrostis capensis","leaf_thickness",0.175666666666667
"1472","FEL2208","12/08/2023","west",4,2600,3,"Eragrostis capensis","ldmc",0.313244296048971
"1473","FEL2208","12/08/2023","west",4,2600,3,"Eragrostis capensis","bgb_agb",10.3252032520325
"1474","FEL2208","12/08/2023","west",4,2600,3,"Eragrostis capensis","aboveground_biomass",1.23
"1475","FEL2208","12/08/2023","west",4,2600,3,"Eragrostis capensis","belowground_biomass",12.7
"1476","FEO1874","12/09/2023","west",3,2400,1,"Helichrysum pilosellum","root_depth",9
"1477","FEO1874","12/09/2023","west",3,2400,1,"Helichrysum pilosellum","no_root_scan",3
"1478","FEO1874","12/09/2023","west",3,2400,1,"Helichrysum pilosellum","root_wet_mass",0.0229
"1479","FEO1874","12/09/2023","west",3,2400,1,"Helichrysum pilosellum","root_dry_mass",0.00867
"1480","FEO1874","12/09/2023","west",3,2400,1,"Helichrysum pilosellum","total_root_length",556.002374
"1481","FEO1874","12/09/2023","west",3,2400,1,"Helichrysum pilosellum","total_root_volume",35.802203
"1482","FEO1874","12/09/2023","west",3,2400,1,"Helichrysum pilosellum","rd",0.263661
"1483","FEO1874","12/09/2023","west",3,2400,1,"Helichrysum pilosellum","bi",0.438847
"1484","FEO1874","12/09/2023","west",3,2400,1,"Helichrysum pilosellum","srl",64.1294549019608
"1485","FEO1874","12/09/2023","west",3,2400,1,"Helichrysum pilosellum","rtd",0.242163869078112
"1486","FEO1874","12/09/2023","west",3,2400,1,"Helichrysum pilosellum","rdmc",378.602620087336
"1487","FEO1874","12/09/2023","west",3,2400,1,"Helichrysum pilosellum","tuber_wet_mass",0.7407
"1488","FEO1874","12/09/2023","west",3,2400,1,"Helichrysum pilosellum","tuber_dry_mass",0.13608
"1489","FEO1874","12/09/2023","west",3,2400,1,"Helichrysum pilosellum","reproductive_height",13.5
"1490","FEO1874","12/09/2023","west",3,2400,1,"Helichrysum pilosellum","veg_height",4.2
"1491","FEO1874","12/09/2023","west",3,2400,1,"Helichrysum pilosellum","no_leaves",1
"1492","FEO1874","12/09/2023","west",3,2400,1,"Helichrysum pilosellum","leaf_wet_mass",0.8182
"1493","FEO1874","12/09/2023","west",3,2400,1,"Helichrysum pilosellum","leaf_dry_mass",0.15648
"1494","FEO1874","12/09/2023","west",3,2400,1,"Helichrysum pilosellum","leaf_area",14.659
"1495","FEO1874","12/09/2023","west",3,2400,1,"Helichrysum pilosellum","sla",93.6797034764826
"1496","FEO1874","12/09/2023","west",3,2400,1,"Helichrysum pilosellum","leaf_thickness",0.923
"1497","FEO1874","12/09/2023","west",3,2400,1,"Helichrysum pilosellum","ldmc",0.191249083353703
"1498","FEO1874","12/09/2023","west",3,2400,1,"Helichrysum pilosellum","bgb_agb",1.28571428571429
"1499","FEO1874","12/09/2023","west",3,2400,1,"Helichrysum pilosellum","aboveground_biomass",0.91
"1500","FEO1874","12/09/2023","west",3,2400,1,"Helichrysum pilosellum","belowground_biomass",1.17
"1501","FEP9413","12/08/2023","west",4,2600,4,"Themeda triandra","root_depth",21.2
"1502","FEP9413","12/08/2023","west",4,2600,4,"Themeda triandra","no_root_scan",5
"1503","FEP9413","12/08/2023","west",4,2600,4,"Themeda triandra","root_wet_mass",0.024
"1504","FEP9413","12/08/2023","west",4,2600,4,"Themeda triandra","root_dry_mass",0.01014
"1505","FEP9413","12/08/2023","west",4,2600,4,"Themeda triandra","total_root_length",949.364572
"1506","FEP9413","12/08/2023","west",4,2600,4,"Themeda triandra","total_root_volume",64.238945
"1507","FEP9413","12/08/2023","west",4,2600,4,"Themeda triandra","rd",0.274748
"1508","FEP9413","12/08/2023","west",4,2600,4,"Themeda triandra","bi",0.412908
"1509","FEP9413","12/08/2023","west",4,2600,4,"Themeda triandra","srl",93.6256974358974
"1510","FEP9413","12/08/2023","west",4,2600,4,"Themeda triandra","rtd",0.157848171385754
"1511","FEP9413","12/08/2023","west",4,2600,4,"Themeda triandra","rdmc",422.5
"1512","FEP9413","12/08/2023","west",4,2600,4,"Themeda triandra","tuber_wet_mass",NA
"1513","FEP9413","12/08/2023","west",4,2600,4,"Themeda triandra","tuber_dry_mass",NA
"1514","FEP9413","12/08/2023","west",4,2600,4,"Themeda triandra","reproductive_height",17.2
"1515","FEP9413","12/08/2023","west",4,2600,4,"Themeda triandra","veg_height",14.6
"1516","FEP9413","12/08/2023","west",4,2600,4,"Themeda triandra","no_leaves",5
"1517","FEP9413","12/08/2023","west",4,2600,4,"Themeda triandra","leaf_wet_mass",0.1739
"1518","FEP9413","12/08/2023","west",4,2600,4,"Themeda triandra","leaf_dry_mass",0.05042
"1519","FEP9413","12/08/2023","west",4,2600,4,"Themeda triandra","leaf_area",10.053
"1520","FEP9413","12/08/2023","west",4,2600,4,"Themeda triandra","sla",199.385164617215
"1521","FEP9413","12/08/2023","west",4,2600,4,"Themeda triandra","leaf_thickness",0.181333333333333
"1522","FEP9413","12/08/2023","west",4,2600,4,"Themeda triandra","ldmc",0.289936745255894
"1523","FEP9413","12/08/2023","west",4,2600,4,"Themeda triandra","bgb_agb",11.52
"1524","FEP9413","12/08/2023","west",4,2600,4,"Themeda triandra","aboveground_biomass",2.25
"1525","FEP9413","12/08/2023","west",4,2600,4,"Themeda triandra","belowground_biomass",25.92
"1526","FES3675","12/09/2023","west",3,2400,5,"Harpochloa falx","root_depth",8
"1527","FES3675","12/09/2023","west",3,2400,5,"Harpochloa falx","no_root_scan",5
"1528","FES3675","12/09/2023","west",3,2400,5,"Harpochloa falx","root_wet_mass",0.0656
"1529","FES3675","12/09/2023","west",3,2400,5,"Harpochloa falx","root_dry_mass",0.01492
"1530","FES3675","12/09/2023","west",3,2400,5,"Harpochloa falx","total_root_length",983.009831
"1531","FES3675","12/09/2023","west",3,2400,5,"Harpochloa falx","total_root_volume",85.287418
"1532","FES3675","12/09/2023","west",3,2400,5,"Harpochloa falx","rd",0.298348
"1533","FES3675","12/09/2023","west",3,2400,5,"Harpochloa falx","bi",0.42319
"1534","FES3675","12/09/2023","west",3,2400,5,"Harpochloa falx","srl",65.8853774128686
"1535","FES3675","12/09/2023","west",3,2400,5,"Harpochloa falx","rtd",0.174937878879157
"1536","FES3675","12/09/2023","west",3,2400,5,"Harpochloa falx","rdmc",227.439024390244
"1537","FES3675","12/09/2023","west",3,2400,5,"Harpochloa falx","tuber_wet_mass",NA
"1538","FES3675","12/09/2023","west",3,2400,5,"Harpochloa falx","tuber_dry_mass",NA
"1539","FES3675","12/09/2023","west",3,2400,5,"Harpochloa falx","reproductive_height",41.2
"1540","FES3675","12/09/2023","west",3,2400,5,"Harpochloa falx","veg_height",14.4
"1541","FES3675","12/09/2023","west",3,2400,5,"Harpochloa falx","no_leaves",5
"1542","FES3675","12/09/2023","west",3,2400,5,"Harpochloa falx","leaf_wet_mass",0.9684
"1543","FES3675","12/09/2023","west",3,2400,5,"Harpochloa falx","leaf_dry_mass",0.22844
"1544","FES3675","12/09/2023","west",3,2400,5,"Harpochloa falx","leaf_area",30.487
"1545","FES3675","12/09/2023","west",3,2400,5,"Harpochloa falx","sla",133.457362983716
"1546","FES3675","12/09/2023","west",3,2400,5,"Harpochloa falx","leaf_thickness",0.406
"1547","FES3675","12/09/2023","west",3,2400,5,"Harpochloa falx","ldmc",0.235894258570838
"1548","FES3675","12/09/2023","west",3,2400,5,"Harpochloa falx","bgb_agb",1.29219143576826
"1549","FES3675","12/09/2023","west",3,2400,5,"Harpochloa falx","aboveground_biomass",3.97
"1550","FES3675","12/09/2023","west",3,2400,5,"Harpochloa falx","belowground_biomass",5.13
"1551","FET3274","12/08/2023","northwest",5,2800,5,"Themeda triandra","root_depth",18
"1552","FET3274","12/08/2023","northwest",5,2800,5,"Themeda triandra","no_root_scan",5
"1553","FET3274","12/08/2023","northwest",5,2800,5,"Themeda triandra","root_wet_mass",0.0191
"1554","FET3274","12/08/2023","northwest",5,2800,5,"Themeda triandra","root_dry_mass",0.01004
"1555","FET3274","12/08/2023","northwest",5,2800,5,"Themeda triandra","total_root_length",1137.416052
"1556","FET3274","12/08/2023","northwest",5,2800,5,"Themeda triandra","total_root_volume",66.006879
"1557","FET3274","12/08/2023","northwest",5,2800,5,"Themeda triandra","rd",0.252849
"1558","FET3274","12/08/2023","northwest",5,2800,5,"Themeda triandra","bi",0.390358
"1559","FET3274","12/08/2023","northwest",5,2800,5,"Themeda triandra","srl",113.288451394422
"1560","FET3274","12/08/2023","northwest",5,2800,5,"Themeda triandra","rtd",0.152105358594519
"1561","FET3274","12/08/2023","northwest",5,2800,5,"Themeda triandra","rdmc",525.65445026178
"1562","FET3274","12/08/2023","northwest",5,2800,5,"Themeda triandra","tuber_wet_mass",NA
"1563","FET3274","12/08/2023","northwest",5,2800,5,"Themeda triandra","tuber_dry_mass",NA
"1564","FET3274","12/08/2023","northwest",5,2800,5,"Themeda triandra","reproductive_height",NA
"1565","FET3274","12/08/2023","northwest",5,2800,5,"Themeda triandra","veg_height",12
"1566","FET3274","12/08/2023","northwest",5,2800,5,"Themeda triandra","no_leaves",5
"1567","FET3274","12/08/2023","northwest",5,2800,5,"Themeda triandra","leaf_wet_mass",0.1717
"1568","FET3274","12/08/2023","northwest",5,2800,5,"Themeda triandra","leaf_dry_mass",0.05594
"1569","FET3274","12/08/2023","northwest",5,2800,5,"Themeda triandra","leaf_area",12.585
"1570","FET3274","12/08/2023","northwest",5,2800,5,"Themeda triandra","sla",224.973185555953
"1571","FET3274","12/08/2023","northwest",5,2800,5,"Themeda triandra","leaf_thickness",0.144666666666667
"1572","FET3274","12/08/2023","northwest",5,2800,5,"Themeda triandra","ldmc",0.325800815375655
"1573","FET3274","12/08/2023","northwest",5,2800,5,"Themeda triandra","bgb_agb",5.78614457831325
"1574","FET3274","12/08/2023","northwest",5,2800,5,"Themeda triandra","aboveground_biomass",3.32
"1575","FET3274","12/08/2023","northwest",5,2800,5,"Themeda triandra","belowground_biomass",19.21
"1576","FEU2975","12/09/2023","west",3,2400,3,"Helichrysum pilosellum","root_depth",8
"1577","FEU2975","12/09/2023","west",3,2400,3,"Helichrysum pilosellum","no_root_scan",3
"1578","FEU2975","12/09/2023","west",3,2400,3,"Helichrysum pilosellum","root_wet_mass",0.0293
"1579","FEU2975","12/09/2023","west",3,2400,3,"Helichrysum pilosellum","root_dry_mass",0.01072
"1580","FEU2975","12/09/2023","west",3,2400,3,"Helichrysum pilosellum","total_root_length",347.932337
"1581","FEU2975","12/09/2023","west",3,2400,3,"Helichrysum pilosellum","total_root_volume",32.740988
"1582","FEU2975","12/09/2023","west",3,2400,3,"Helichrysum pilosellum","rd",0.30989
"1583","FEU2975","12/09/2023","west",3,2400,3,"Helichrysum pilosellum","bi",0.22993
"1584","FEU2975","12/09/2023","west",3,2400,3,"Helichrysum pilosellum","srl",32.4563747201493
"1585","FEU2975","12/09/2023","west",3,2400,3,"Helichrysum pilosellum","rtd",0.327418341804468
"1586","FEU2975","12/09/2023","west",3,2400,3,"Helichrysum pilosellum","rdmc",365.870307167236
"1587","FEU2975","12/09/2023","west",3,2400,3,"Helichrysum pilosellum","tuber_wet_mass",0.5238
"1588","FEU2975","12/09/2023","west",3,2400,3,"Helichrysum pilosellum","tuber_dry_mass",0.09544
"1589","FEU2975","12/09/2023","west",3,2400,3,"Helichrysum pilosellum","reproductive_height",33.5
"1590","FEU2975","12/09/2023","west",3,2400,3,"Helichrysum pilosellum","veg_height",6.9
"1591","FEU2975","12/09/2023","west",3,2400,3,"Helichrysum pilosellum","no_leaves",1
"1592","FEU2975","12/09/2023","west",3,2400,3,"Helichrysum pilosellum","leaf_wet_mass",0.4367
"1593","FEU2975","12/09/2023","west",3,2400,3,"Helichrysum pilosellum","leaf_dry_mass",0.08267
"1594","FEU2975","12/09/2023","west",3,2400,3,"Helichrysum pilosellum","leaf_area",9.015
"1595","FEU2975","12/09/2023","west",3,2400,3,"Helichrysum pilosellum","sla",109.048022257167
"1596","FEU2975","12/09/2023","west",3,2400,3,"Helichrysum pilosellum","leaf_thickness",0.793666666666667
"1597","FEU2975","12/09/2023","west",3,2400,3,"Helichrysum pilosellum","ldmc",0.189306159835127
"1598","FEU2975","12/09/2023","west",3,2400,3,"Helichrysum pilosellum","bgb_agb",1.8125
"1599","FEU2975","12/09/2023","west",3,2400,3,"Helichrysum pilosellum","aboveground_biomass",0.8
"1600","FEU2975","12/09/2023","west",3,2400,3,"Helichrysum pilosellum","belowground_biomass",1.45
"1601","FEV1588","12/08/2023","west",4,2600,2,"Harpochloa falx","root_depth",20
"1602","FEV1588","12/08/2023","west",4,2600,2,"Harpochloa falx","no_root_scan",5
"1603","FEV1588","12/08/2023","west",4,2600,2,"Harpochloa falx","root_wet_mass",0.0223
"1604","FEV1588","12/08/2023","west",4,2600,2,"Harpochloa falx","root_dry_mass",0.00913
"1605","FEV1588","12/08/2023","west",4,2600,2,"Harpochloa falx","total_root_length",768.040441
"1606","FEV1588","12/08/2023","west",4,2600,2,"Harpochloa falx","total_root_volume",62.105082
"1607","FEV1588","12/08/2023","west",4,2600,2,"Harpochloa falx","rd",0.294943
"1608","FEV1588","12/08/2023","west",4,2600,2,"Harpochloa falx","bi",0.386698
"1609","FEV1588","12/08/2023","west",4,2600,2,"Harpochloa falx","srl",84.1227208105148
"1610","FEV1588","12/08/2023","west",4,2600,2,"Harpochloa falx","rtd",0.147008903393767
"1611","FEV1588","12/08/2023","west",4,2600,2,"Harpochloa falx","rdmc",409.417040358744
"1612","FEV1588","12/08/2023","west",4,2600,2,"Harpochloa falx","tuber_wet_mass",NA
"1613","FEV1588","12/08/2023","west",4,2600,2,"Harpochloa falx","tuber_dry_mass",NA
"1614","FEV1588","12/08/2023","west",4,2600,2,"Harpochloa falx","reproductive_height",17.7
"1615","FEV1588","12/08/2023","west",4,2600,2,"Harpochloa falx","veg_height",7.5
"1616","FEV1588","12/08/2023","west",4,2600,2,"Harpochloa falx","no_leaves",5
"1617","FEV1588","12/08/2023","west",4,2600,2,"Harpochloa falx","leaf_wet_mass",0.5792
"1618","FEV1588","12/08/2023","west",4,2600,2,"Harpochloa falx","leaf_dry_mass",0.14626
"1619","FEV1588","12/08/2023","west",4,2600,2,"Harpochloa falx","leaf_area",18.153
"1620","FEV1588","12/08/2023","west",4,2600,2,"Harpochloa falx","sla",124.114590455353
"1621","FEV1588","12/08/2023","west",4,2600,2,"Harpochloa falx","leaf_thickness",0.342
"1622","FEV1588","12/08/2023","west",4,2600,2,"Harpochloa falx","ldmc",0.252520718232044
"1623","FEV1588","12/08/2023","west",4,2600,2,"Harpochloa falx","bgb_agb",5.47368421052632
"1624","FEV1588","12/08/2023","west",4,2600,2,"Harpochloa falx","aboveground_biomass",1.33
"1625","FEV1588","12/08/2023","west",4,2600,2,"Harpochloa falx","belowground_biomass",7.28
"1626","FEY3832","12/08/2023","west",4,2600,1,"Eragrostis capensis","root_depth",11
"1627","FEY3832","12/08/2023","west",4,2600,1,"Eragrostis capensis","no_root_scan",4
"1628","FEY3832","12/08/2023","west",4,2600,1,"Eragrostis capensis","root_wet_mass",0.0298
"1629","FEY3832","12/08/2023","west",4,2600,1,"Eragrostis capensis","root_dry_mass",0.01063
"1630","FEY3832","12/08/2023","west",4,2600,1,"Eragrostis capensis","total_root_length",932.442329
"1631","FEY3832","12/08/2023","west",4,2600,1,"Eragrostis capensis","total_root_volume",60.220092
"1632","FEY3832","12/08/2023","west",4,2600,1,"Eragrostis capensis","rd",0.26147
"1633","FEY3832","12/08/2023","west",4,2600,1,"Eragrostis capensis","bi",0.33675
"1634","FEY3832","12/08/2023","west",4,2600,1,"Eragrostis capensis","srl",87.7179989651928
"1635","FEY3832","12/08/2023","west",4,2600,1,"Eragrostis capensis","rtd",0.176519159087303
"1636","FEY3832","12/08/2023","west",4,2600,1,"Eragrostis capensis","rdmc",356.711409395973
"1637","FEY3832","12/08/2023","west",4,2600,1,"Eragrostis capensis","tuber_wet_mass",NA
"1638","FEY3832","12/08/2023","west",4,2600,1,"Eragrostis capensis","tuber_dry_mass",NA
"1639","FEY3832","12/08/2023","west",4,2600,1,"Eragrostis capensis","reproductive_height",19.4
"1640","FEY3832","12/08/2023","west",4,2600,1,"Eragrostis capensis","veg_height",7.5
"1641","FEY3832","12/08/2023","west",4,2600,1,"Eragrostis capensis","no_leaves",4
"1642","FEY3832","12/08/2023","west",4,2600,1,"Eragrostis capensis","leaf_wet_mass",0.1059
"1643","FEY3832","12/08/2023","west",4,2600,1,"Eragrostis capensis","leaf_dry_mass",0.03243
"1644","FEY3832","12/08/2023","west",4,2600,1,"Eragrostis capensis","leaf_area",6.192
"1645","FEY3832","12/08/2023","west",4,2600,1,"Eragrostis capensis","sla",190.934320074006
"1646","FEY3832","12/08/2023","west",4,2600,1,"Eragrostis capensis","leaf_thickness",0.166666666666667
"1647","FEY3832","12/08/2023","west",4,2600,1,"Eragrostis capensis","ldmc",0.306232294617564
"1648","FEY3832","12/08/2023","west",4,2600,1,"Eragrostis capensis","bgb_agb",6.98
"1649","FEY3832","12/08/2023","west",4,2600,1,"Eragrostis capensis","aboveground_biomass",0.5
"1650","FEY3832","12/08/2023","west",4,2600,1,"Eragrostis capensis","belowground_biomass",3.49
"1651","FEZ5712","12/08/2023","west",4,2600,4,"Harpochloa falx","root_depth",19.6
"1652","FEZ5712","12/08/2023","west",4,2600,4,"Harpochloa falx","no_root_scan",5
"1653","FEZ5712","12/08/2023","west",4,2600,4,"Harpochloa falx","root_wet_mass",0.0153
"1654","FEZ5712","12/08/2023","west",4,2600,4,"Harpochloa falx","root_dry_mass",0.00378
"1655","FEZ5712","12/08/2023","west",4,2600,4,"Harpochloa falx","total_root_length",277.937234
"1656","FEZ5712","12/08/2023","west",4,2600,4,"Harpochloa falx","total_root_volume",21.533563
"1657","FEZ5712","12/08/2023","west",4,2600,4,"Harpochloa falx","rd",0.29742
"1658","FEZ5712","12/08/2023","west",4,2600,4,"Harpochloa falx","bi",0.237464
"1659","FEZ5712","12/08/2023","west",4,2600,4,"Harpochloa falx","srl",73.5283687830688
"1660","FEZ5712","12/08/2023","west",4,2600,4,"Harpochloa falx","rtd",0.175539923420941
"1661","FEZ5712","12/08/2023","west",4,2600,4,"Harpochloa falx","rdmc",247.058823529412
"1662","FEZ5712","12/08/2023","west",4,2600,4,"Harpochloa falx","tuber_wet_mass",NA
"1663","FEZ5712","12/08/2023","west",4,2600,4,"Harpochloa falx","tuber_dry_mass",NA
"1664","FEZ5712","12/08/2023","west",4,2600,4,"Harpochloa falx","reproductive_height",24
"1665","FEZ5712","12/08/2023","west",4,2600,4,"Harpochloa falx","veg_height",9.7
"1666","FEZ5712","12/08/2023","west",4,2600,4,"Harpochloa falx","no_leaves",4
"1667","FEZ5712","12/08/2023","west",4,2600,4,"Harpochloa falx","leaf_wet_mass",0.496
"1668","FEZ5712","12/08/2023","west",4,2600,4,"Harpochloa falx","leaf_dry_mass",0.12884
"1669","FEZ5712","12/08/2023","west",4,2600,4,"Harpochloa falx","leaf_area",13.364
"1670","FEZ5712","12/08/2023","west",4,2600,4,"Harpochloa falx","sla",103.725551071096
"1671","FEZ5712","12/08/2023","west",4,2600,4,"Harpochloa falx","leaf_thickness",0.339
"1672","FEZ5712","12/08/2023","west",4,2600,4,"Harpochloa falx","ldmc",0.259758064516129
"1673","FEZ5712","12/08/2023","west",4,2600,4,"Harpochloa falx","bgb_agb",5.97087378640777
"1674","FEZ5712","12/08/2023","west",4,2600,4,"Harpochloa falx","aboveground_biomass",1.03
"1675","FEZ5712","12/08/2023","west",4,2600,4,"Harpochloa falx","belowground_biomass",6.15
"1676","FFC7215","12/08/2023","northwest",5,2800,3,"Themeda triandra","root_depth",19.2
"1677","FFC7215","12/08/2023","northwest",5,2800,3,"Themeda triandra","no_root_scan",5
"1678","FFC7215","12/08/2023","northwest",5,2800,3,"Themeda triandra","root_wet_mass",0.0282
"1679","FFC7215","12/08/2023","northwest",5,2800,3,"Themeda triandra","root_dry_mass",0.01083
"1680","FFC7215","12/08/2023","northwest",5,2800,3,"Themeda triandra","total_root_length",900.798092
"1681","FFC7215","12/08/2023","northwest",5,2800,3,"Themeda triandra","total_root_volume",81.179114
"1682","FFC7215","12/08/2023","northwest",5,2800,3,"Themeda triandra","rd",0.306958
"1683","FFC7215","12/08/2023","northwest",5,2800,3,"Themeda triandra","bi",0.424068
"1684","FFC7215","12/08/2023","northwest",5,2800,3,"Themeda triandra","srl",83.1761857802401
"1685","FFC7215","12/08/2023","northwest",5,2800,3,"Themeda triandra","rtd",0.133408699188316
"1686","FFC7215","12/08/2023","northwest",5,2800,3,"Themeda triandra","rdmc",384.042553191489
"1687","FFC7215","12/08/2023","northwest",5,2800,3,"Themeda triandra","tuber_wet_mass",NA
"1688","FFC7215","12/08/2023","northwest",5,2800,3,"Themeda triandra","tuber_dry_mass",NA
"1689","FFC7215","12/08/2023","northwest",5,2800,3,"Themeda triandra","reproductive_height",NA
"1690","FFC7215","12/08/2023","northwest",5,2800,3,"Themeda triandra","veg_height",15.2
"1691","FFC7215","12/08/2023","northwest",5,2800,3,"Themeda triandra","no_leaves",5
"1692","FFC7215","12/08/2023","northwest",5,2800,3,"Themeda triandra","leaf_wet_mass",0.1293
"1693","FFC7215","12/08/2023","northwest",5,2800,3,"Themeda triandra","leaf_dry_mass",0.0405
"1694","FFC7215","12/08/2023","northwest",5,2800,3,"Themeda triandra","leaf_area",9.295
"1695","FFC7215","12/08/2023","northwest",5,2800,3,"Themeda triandra","sla",229.506172839506
"1696","FFC7215","12/08/2023","northwest",5,2800,3,"Themeda triandra","leaf_thickness",0.0956666666666667
"1697","FFC7215","12/08/2023","northwest",5,2800,3,"Themeda triandra","ldmc",0.31322505800464
"1698","FFC7215","12/08/2023","northwest",5,2800,3,"Themeda triandra","bgb_agb",2.18349429323968
"1699","FFC7215","12/08/2023","northwest",5,2800,3,"Themeda triandra","aboveground_biomass",11.39
"1700","FFC7215","12/08/2023","northwest",5,2800,3,"Themeda triandra","belowground_biomass",24.87
"1701","FFD9944","12/08/2023","west",4,2600,5,"Harpochloa falx","root_depth",15
"1702","FFD9944","12/08/2023","west",4,2600,5,"Harpochloa falx","no_root_scan",4
"1703","FFD9944","12/08/2023","west",4,2600,5,"Harpochloa falx","root_wet_mass",0.0428
"1704","FFD9944","12/08/2023","west",4,2600,5,"Harpochloa falx","root_dry_mass",0.01071
"1705","FFD9944","12/08/2023","west",4,2600,5,"Harpochloa falx","total_root_length",1548.360432
"1706","FFD9944","12/08/2023","west",4,2600,5,"Harpochloa falx","total_root_volume",90.526024
"1707","FFD9944","12/08/2023","west",4,2600,5,"Harpochloa falx","rd",0.24857
"1708","FFD9944","12/08/2023","west",4,2600,5,"Harpochloa falx","bi",0.501821
"1709","FFD9944","12/08/2023","west",4,2600,5,"Harpochloa falx","srl",144.571468907563
"1710","FFD9944","12/08/2023","west",4,2600,5,"Harpochloa falx","rtd",0.118308520873511
"1711","FFD9944","12/08/2023","west",4,2600,5,"Harpochloa falx","rdmc",250.233644859813
"1712","FFD9944","12/08/2023","west",4,2600,5,"Harpochloa falx","tuber_wet_mass",NA
"1713","FFD9944","12/08/2023","west",4,2600,5,"Harpochloa falx","tuber_dry_mass",NA
"1714","FFD9944","12/08/2023","west",4,2600,5,"Harpochloa falx","reproductive_height",22
"1715","FFD9944","12/08/2023","west",4,2600,5,"Harpochloa falx","veg_height",6.8
"1716","FFD9944","12/08/2023","west",4,2600,5,"Harpochloa falx","no_leaves",5
"1717","FFD9944","12/08/2023","west",4,2600,5,"Harpochloa falx","leaf_wet_mass",0.3042
"1718","FFD9944","12/08/2023","west",4,2600,5,"Harpochloa falx","leaf_dry_mass",0.06996
"1719","FFD9944","12/08/2023","west",4,2600,5,"Harpochloa falx","leaf_area",11.461
"1720","FFD9944","12/08/2023","west",4,2600,5,"Harpochloa falx","sla",163.822184105203
"1721","FFD9944","12/08/2023","west",4,2600,5,"Harpochloa falx","leaf_thickness",0.311
"1722","FFD9944","12/08/2023","west",4,2600,5,"Harpochloa falx","ldmc",0.229980276134122
"1723","FFD9944","12/08/2023","west",4,2600,5,"Harpochloa falx","bgb_agb",12.609375
"1724","FFD9944","12/08/2023","west",4,2600,5,"Harpochloa falx","aboveground_biomass",0.64
"1725","FFD9944","12/08/2023","west",4,2600,5,"Harpochloa falx","belowground_biomass",8.07
"1726","FFG0527","12/13/2023","west",2,2200,5,"Harpochloa falx","root_depth",12.5
"1727","FFG0527","12/13/2023","west",2,2200,5,"Harpochloa falx","no_root_scan",5
"1728","FFG0527","12/13/2023","west",2,2200,5,"Harpochloa falx","root_wet_mass",0.0334
"1729","FFG0527","12/13/2023","west",2,2200,5,"Harpochloa falx","root_dry_mass",0.01338
"1730","FFG0527","12/13/2023","west",2,2200,5,"Harpochloa falx","total_root_length",1092.792162
"1731","FFG0527","12/13/2023","west",2,2200,5,"Harpochloa falx","total_root_volume",54.461143
"1732","FFG0527","12/13/2023","west",2,2200,5,"Harpochloa falx","rd",0.235171
"1733","FFG0527","12/13/2023","west",2,2200,5,"Harpochloa falx","bi",0.360544
"1734","FFG0527","12/13/2023","west",2,2200,5,"Harpochloa falx","srl",81.6735547085202
"1735","FFG0527","12/13/2023","west",2,2200,5,"Harpochloa falx","rtd",0.245679750055925
"1736","FFG0527","12/13/2023","west",2,2200,5,"Harpochloa falx","rdmc",400.59880239521
"1737","FFG0527","12/13/2023","west",2,2200,5,"Harpochloa falx","tuber_wet_mass",NA
"1738","FFG0527","12/13/2023","west",2,2200,5,"Harpochloa falx","tuber_dry_mass",NA
"1739","FFG0527","12/13/2023","west",2,2200,5,"Harpochloa falx","reproductive_height",37
"1740","FFG0527","12/13/2023","west",2,2200,5,"Harpochloa falx","veg_height",20
"1741","FFG0527","12/13/2023","west",2,2200,5,"Harpochloa falx","no_leaves",5
"1742","FFG0527","12/13/2023","west",2,2200,5,"Harpochloa falx","leaf_wet_mass",0.4812
"1743","FFG0527","12/13/2023","west",2,2200,5,"Harpochloa falx","leaf_dry_mass",0.12929
"1744","FFG0527","12/13/2023","west",2,2200,5,"Harpochloa falx","leaf_area",14.509
"1745","FFG0527","12/13/2023","west",2,2200,5,"Harpochloa falx","sla",112.220589372728
"1746","FFG0527","12/13/2023","west",2,2200,5,"Harpochloa falx","leaf_thickness",0.332333333333333
"1747","FFG0527","12/13/2023","west",2,2200,5,"Harpochloa falx","ldmc",0.268682460515378
"1748","FFG0527","12/13/2023","west",2,2200,5,"Harpochloa falx","bgb_agb",4.39044943820225
"1749","FFG0527","12/13/2023","west",2,2200,5,"Harpochloa falx","aboveground_biomass",3.56
"1750","FFG0527","12/13/2023","west",2,2200,5,"Harpochloa falx","belowground_biomass",15.63
"1751","FFH9263","12/08/2023","northwest",5,2800,1,"Themeda triandra","root_depth",20.4
"1752","FFH9263","12/08/2023","northwest",5,2800,1,"Themeda triandra","no_root_scan",5
"1753","FFH9263","12/08/2023","northwest",5,2800,1,"Themeda triandra","root_wet_mass",0.122
"1754","FFH9263","12/08/2023","northwest",5,2800,1,"Themeda triandra","root_dry_mass",0.03174
"1755","FFH9263","12/08/2023","northwest",5,2800,1,"Themeda triandra","total_root_length",1908.682086
"1756","FFH9263","12/08/2023","northwest",5,2800,1,"Themeda triandra","total_root_volume",203.127241
"1757","FFH9263","12/08/2023","northwest",5,2800,1,"Themeda triandra","rd",0.339084
"1758","FFH9263","12/08/2023","northwest",5,2800,1,"Themeda triandra","bi",0.251482
"1759","FFH9263","12/08/2023","northwest",5,2800,1,"Themeda triandra","srl",60.134911342155
"1760","FFH9263","12/08/2023","northwest",5,2800,1,"Themeda triandra","rtd",0.156256737617974
"1761","FFH9263","12/08/2023","northwest",5,2800,1,"Themeda triandra","rdmc",260.16393442623
"1762","FFH9263","12/08/2023","northwest",5,2800,1,"Themeda triandra","tuber_wet_mass",NA
"1763","FFH9263","12/08/2023","northwest",5,2800,1,"Themeda triandra","tuber_dry_mass",NA
"1764","FFH9263","12/08/2023","northwest",5,2800,1,"Themeda triandra","reproductive_height",NA
"1765","FFH9263","12/08/2023","northwest",5,2800,1,"Themeda triandra","veg_height",13.2
"1766","FFH9263","12/08/2023","northwest",5,2800,1,"Themeda triandra","no_leaves",5
"1767","FFH9263","12/08/2023","northwest",5,2800,1,"Themeda triandra","leaf_wet_mass",0.1446
"1768","FFH9263","12/08/2023","northwest",5,2800,1,"Themeda triandra","leaf_dry_mass",0.04532
"1769","FFH9263","12/08/2023","northwest",5,2800,1,"Themeda triandra","leaf_area",10.794
"1770","FFH9263","12/08/2023","northwest",5,2800,1,"Themeda triandra","sla",238.172992056487
"1771","FFH9263","12/08/2023","northwest",5,2800,1,"Themeda triandra","leaf_thickness",0.139333333333333
"1772","FFH9263","12/08/2023","northwest",5,2800,1,"Themeda triandra","ldmc",0.313416320885201
"1773","FFH9263","12/08/2023","northwest",5,2800,1,"Themeda triandra","bgb_agb",7.06185567010309
"1774","FFH9263","12/08/2023","northwest",5,2800,1,"Themeda triandra","aboveground_biomass",4.85
"1775","FFH9263","12/08/2023","northwest",5,2800,1,"Themeda triandra","belowground_biomass",34.25
"1776","FFK2932","12/13/2023","west",2,2200,1,"Harpochloa falx","root_depth",13
"1777","FFK2932","12/13/2023","west",2,2200,1,"Harpochloa falx","no_root_scan",5
"1778","FFK2932","12/13/2023","west",2,2200,1,"Harpochloa falx","root_wet_mass",0.0648
"1779","FFK2932","12/13/2023","west",2,2200,1,"Harpochloa falx","root_dry_mass",0.0358
"1780","FFK2932","12/13/2023","west",2,2200,1,"Harpochloa falx","total_root_length",1170.683785
"1781","FFK2932","12/13/2023","west",2,2200,1,"Harpochloa falx","total_root_volume",95.515827
"1782","FFK2932","12/13/2023","west",2,2200,1,"Harpochloa falx","rd",0.292101
"1783","FFK2932","12/13/2023","west",2,2200,1,"Harpochloa falx","bi",0.280178
"1784","FFK2932","12/13/2023","west",2,2200,1,"Harpochloa falx","srl",32.7006643854749
"1785","FFK2932","12/13/2023","west",2,2200,1,"Harpochloa falx","rtd",0.37480699402833
"1786","FFK2932","12/13/2023","west",2,2200,1,"Harpochloa falx","rdmc",552.469135802469
"1787","FFK2932","12/13/2023","west",2,2200,1,"Harpochloa falx","tuber_wet_mass",NA
"1788","FFK2932","12/13/2023","west",2,2200,1,"Harpochloa falx","tuber_dry_mass",NA
"1789","FFK2932","12/13/2023","west",2,2200,1,"Harpochloa falx","reproductive_height",45
"1790","FFK2932","12/13/2023","west",2,2200,1,"Harpochloa falx","veg_height",13.5
"1791","FFK2932","12/13/2023","west",2,2200,1,"Harpochloa falx","no_leaves",5
"1792","FFK2932","12/13/2023","west",2,2200,1,"Harpochloa falx","leaf_wet_mass",0.411
"1793","FFK2932","12/13/2023","west",2,2200,1,"Harpochloa falx","leaf_dry_mass",0.10698
"1794","FFK2932","12/13/2023","west",2,2200,1,"Harpochloa falx","leaf_area",11.601
"1795","FFK2932","12/13/2023","west",2,2200,1,"Harpochloa falx","sla",108.440830061694
"1796","FFK2932","12/13/2023","west",2,2200,1,"Harpochloa falx","leaf_thickness",0.354333333333333
"1797","FFK2932","12/13/2023","west",2,2200,1,"Harpochloa falx","ldmc",0.26029197080292
"1798","FFK2932","12/13/2023","west",2,2200,1,"Harpochloa falx","bgb_agb",1.43093922651934
"1799","FFK2932","12/13/2023","west",2,2200,1,"Harpochloa falx","aboveground_biomass",1.81
"1800","FFK2932","12/13/2023","west",2,2200,1,"Harpochloa falx","belowground_biomass",2.59
"1801","FFL3841","12/13/2023","west",2,2200,2,"Harpochloa falx","root_depth",14
"1802","FFL3841","12/13/2023","west",2,2200,2,"Harpochloa falx","no_root_scan",5
"1803","FFL3841","12/13/2023","west",2,2200,2,"Harpochloa falx","root_wet_mass",0.043
"1804","FFL3841","12/13/2023","west",2,2200,2,"Harpochloa falx","root_dry_mass",0.01903
"1805","FFL3841","12/13/2023","west",2,2200,2,"Harpochloa falx","total_root_length",1195.081581
"1806","FFL3841","12/13/2023","west",2,2200,2,"Harpochloa falx","total_root_volume",69.985116
"1807","FFL3841","12/13/2023","west",2,2200,2,"Harpochloa falx","rd",0.255678
"1808","FFL3841","12/13/2023","west",2,2200,2,"Harpochloa falx","bi",0.326338
"1809","FFL3841","12/13/2023","west",2,2200,2,"Harpochloa falx","srl",62.7998728849185
"1810","FFL3841","12/13/2023","west",2,2200,2,"Harpochloa falx","rtd",0.271914959746584
"1811","FFL3841","12/13/2023","west",2,2200,2,"Harpochloa falx","rdmc",442.558139534884
"1812","FFL3841","12/13/2023","west",2,2200,2,"Harpochloa falx","tuber_wet_mass",NA
"1813","FFL3841","12/13/2023","west",2,2200,2,"Harpochloa falx","tuber_dry_mass",NA
"1814","FFL3841","12/13/2023","west",2,2200,2,"Harpochloa falx","reproductive_height",46.5
"1815","FFL3841","12/13/2023","west",2,2200,2,"Harpochloa falx","veg_height",32.5
"1816","FFL3841","12/13/2023","west",2,2200,2,"Harpochloa falx","no_leaves",5
"1817","FFL3841","12/13/2023","west",2,2200,2,"Harpochloa falx","leaf_wet_mass",0.8081
"1818","FFL3841","12/13/2023","west",2,2200,2,"Harpochloa falx","leaf_dry_mass",0.19192
"1819","FFL3841","12/13/2023","west",2,2200,2,"Harpochloa falx","leaf_area",22.476
"1820","FFL3841","12/13/2023","west",2,2200,2,"Harpochloa falx","sla",117.111296373489
"1821","FFL3841","12/13/2023","west",2,2200,2,"Harpochloa falx","leaf_thickness",0.335666666666667
"1822","FFL3841","12/13/2023","west",2,2200,2,"Harpochloa falx","ldmc",0.237495359485212
"1823","FFL3841","12/13/2023","west",2,2200,2,"Harpochloa falx","bgb_agb",1.48621190130624
"1824","FFL3841","12/13/2023","west",2,2200,2,"Harpochloa falx","aboveground_biomass",6.89
"1825","FFL3841","12/13/2023","west",2,2200,2,"Harpochloa falx","belowground_biomass",10.24
"1826","FFP1160","12/08/2023","northwest",5,2800,4,"Harpochloa falx","root_depth",17
"1827","FFP1160","12/08/2023","northwest",5,2800,4,"Harpochloa falx","no_root_scan",5
"1828","FFP1160","12/08/2023","northwest",5,2800,4,"Harpochloa falx","root_wet_mass",0.0572
"1829","FFP1160","12/08/2023","northwest",5,2800,4,"Harpochloa falx","root_dry_mass",0.01827
"1830","FFP1160","12/08/2023","northwest",5,2800,4,"Harpochloa falx","total_root_length",1522.145274
"1831","FFP1160","12/08/2023","northwest",5,2800,4,"Harpochloa falx","total_root_volume",127.253429
"1832","FFP1160","12/08/2023","northwest",5,2800,4,"Harpochloa falx","rd",0.292568
"1833","FFP1160","12/08/2023","northwest",5,2800,4,"Harpochloa falx","bi",0.406006
"1834","FFP1160","12/08/2023","northwest",5,2800,4,"Harpochloa falx","srl",83.3139175697865
"1835","FFP1160","12/08/2023","northwest",5,2800,4,"Harpochloa falx","rtd",0.143571769684886
"1836","FFP1160","12/08/2023","northwest",5,2800,4,"Harpochloa falx","rdmc",319.405594405594
"1837","FFP1160","12/08/2023","northwest",5,2800,4,"Harpochloa falx","tuber_wet_mass",NA
"1838","FFP1160","12/08/2023","northwest",5,2800,4,"Harpochloa falx","tuber_dry_mass",NA
"1839","FFP1160","12/08/2023","northwest",5,2800,4,"Harpochloa falx","reproductive_height",21.6
"1840","FFP1160","12/08/2023","northwest",5,2800,4,"Harpochloa falx","veg_height",7.1
"1841","FFP1160","12/08/2023","northwest",5,2800,4,"Harpochloa falx","no_leaves",5
"1842","FFP1160","12/08/2023","northwest",5,2800,4,"Harpochloa falx","leaf_wet_mass",0.4485
"1843","FFP1160","12/08/2023","northwest",5,2800,4,"Harpochloa falx","leaf_dry_mass",0.10985
"1844","FFP1160","12/08/2023","northwest",5,2800,4,"Harpochloa falx","leaf_area",13.789
"1845","FFP1160","12/08/2023","northwest",5,2800,4,"Harpochloa falx","sla",125.525716886664
"1846","FFP1160","12/08/2023","northwest",5,2800,4,"Harpochloa falx","leaf_thickness",0.327333333333333
"1847","FFP1160","12/08/2023","northwest",5,2800,4,"Harpochloa falx","ldmc",0.244927536231884
"1848","FFP1160","12/08/2023","northwest",5,2800,4,"Harpochloa falx","bgb_agb",0.615661566156616
"1849","FFP1160","12/08/2023","northwest",5,2800,4,"Harpochloa falx","aboveground_biomass",11.11
"1850","FFP1160","12/08/2023","northwest",5,2800,4,"Harpochloa falx","belowground_biomass",6.84
"1851","FFS2715","12/13/2023","west",2,2200,4,"Harpochloa falx","root_depth",13
"1852","FFS2715","12/13/2023","west",2,2200,4,"Harpochloa falx","no_root_scan",5
"1853","FFS2715","12/13/2023","west",2,2200,4,"Harpochloa falx","root_wet_mass",0.0514
"1854","FFS2715","12/13/2023","west",2,2200,4,"Harpochloa falx","root_dry_mass",0.03064
"1855","FFS2715","12/13/2023","west",2,2200,4,"Harpochloa falx","total_root_length",1555.530183
"1856","FFS2715","12/13/2023","west",2,2200,4,"Harpochloa falx","total_root_volume",97.701284
"1857","FFS2715","12/13/2023","west",2,2200,4,"Harpochloa falx","rd",0.261556
"1858","FFS2715","12/13/2023","west",2,2200,4,"Harpochloa falx","bi",0.346506
"1859","FFS2715","12/13/2023","west",2,2200,4,"Harpochloa falx","srl",50.7679563642298
"1860","FFS2715","12/13/2023","west",2,2200,4,"Harpochloa falx","rtd",0.313608979796008
"1861","FFS2715","12/13/2023","west",2,2200,4,"Harpochloa falx","rdmc",596.108949416342
"1862","FFS2715","12/13/2023","west",2,2200,4,"Harpochloa falx","tuber_wet_mass",NA
"1863","FFS2715","12/13/2023","west",2,2200,4,"Harpochloa falx","tuber_dry_mass",NA
"1864","FFS2715","12/13/2023","west",2,2200,4,"Harpochloa falx","reproductive_height",31
"1865","FFS2715","12/13/2023","west",2,2200,4,"Harpochloa falx","veg_height",11
"1866","FFS2715","12/13/2023","west",2,2200,4,"Harpochloa falx","no_leaves",5
"1867","FFS2715","12/13/2023","west",2,2200,4,"Harpochloa falx","leaf_wet_mass",0.6533
"1868","FFS2715","12/13/2023","west",2,2200,4,"Harpochloa falx","leaf_dry_mass",0.15607
"1869","FFS2715","12/13/2023","west",2,2200,4,"Harpochloa falx","leaf_area",18.569
"1870","FFS2715","12/13/2023","west",2,2200,4,"Harpochloa falx","sla",118.97866342026
"1871","FFS2715","12/13/2023","west",2,2200,4,"Harpochloa falx","leaf_thickness",0.338666666666667
"1872","FFS2715","12/13/2023","west",2,2200,4,"Harpochloa falx","ldmc",0.23889484157355
"1873","FFS2715","12/13/2023","west",2,2200,4,"Harpochloa falx","bgb_agb",3.06259097525473
"1874","FFS2715","12/13/2023","west",2,2200,4,"Harpochloa falx","aboveground_biomass",6.87
"1875","FFS2715","12/13/2023","west",2,2200,4,"Harpochloa falx","belowground_biomass",21.04
"1876","FFT9800","12/09/2023","west",3,2400,2,"Senecio glaberrimus","root_depth",8
"1877","FFT9800","12/09/2023","west",3,2400,2,"Senecio glaberrimus","no_root_scan",4
"1878","FFT9800","12/09/2023","west",3,2400,2,"Senecio glaberrimus","root_wet_mass",0.0315
"1879","FFT9800","12/09/2023","west",3,2400,2,"Senecio glaberrimus","root_dry_mass",0.00464
"1880","FFT9800","12/09/2023","west",3,2400,2,"Senecio glaberrimus","total_root_length",529.047382
"1881","FFT9800","12/09/2023","west",3,2400,2,"Senecio glaberrimus","total_root_volume",46.559796
"1882","FFT9800","12/09/2023","west",3,2400,2,"Senecio glaberrimus","rd",0.314897
"1883","FFT9800","12/09/2023","west",3,2400,2,"Senecio glaberrimus","bi",0.283528
"1884","FFT9800","12/09/2023","west",3,2400,2,"Senecio glaberrimus","srl",114.018832327586
"1885","FFT9800","12/09/2023","west",3,2400,2,"Senecio glaberrimus","rtd",0.0996567940289086
"1886","FFT9800","12/09/2023","west",3,2400,2,"Senecio glaberrimus","rdmc",147.301587301587
"1887","FFT9800","12/09/2023","west",3,2400,2,"Senecio glaberrimus","tuber_wet_mass",0.2278
"1888","FFT9800","12/09/2023","west",3,2400,2,"Senecio glaberrimus","tuber_dry_mass",0.08481
"1889","FFT9800","12/09/2023","west",3,2400,2,"Senecio glaberrimus","reproductive_height",38.9
"1890","FFT9800","12/09/2023","west",3,2400,2,"Senecio glaberrimus","veg_height",21.5
"1891","FFT9800","12/09/2023","west",3,2400,2,"Senecio glaberrimus","no_leaves",1
"1892","FFT9800","12/09/2023","west",3,2400,2,"Senecio glaberrimus","leaf_wet_mass",0.6912
"1893","FFT9800","12/09/2023","west",3,2400,2,"Senecio glaberrimus","leaf_dry_mass",0.11621
"1894","FFT9800","12/09/2023","west",3,2400,2,"Senecio glaberrimus","leaf_area",12.847
"1895","FFT9800","12/09/2023","west",3,2400,2,"Senecio glaberrimus","sla",110.549866620773
"1896","FFT9800","12/09/2023","west",3,2400,2,"Senecio glaberrimus","leaf_thickness",0.548666666666667
"1897","FFT9800","12/09/2023","west",3,2400,2,"Senecio glaberrimus","ldmc",0.168127893518519
"1898","FFT9800","12/09/2023","west",3,2400,2,"Senecio glaberrimus","bgb_agb",1.75
"1899","FFT9800","12/09/2023","west",3,2400,2,"Senecio glaberrimus","aboveground_biomass",0.68
"1900","FFT9800","12/09/2023","west",3,2400,2,"Senecio glaberrimus","belowground_biomass",1.19
"1901","FFU7165","12/09/2023","west",3,2400,1,"Senecio glaberrimus","root_depth",15
"1902","FFU7165","12/09/2023","west",3,2400,1,"Senecio glaberrimus","no_root_scan",5
"1903","FFU7165","12/09/2023","west",3,2400,1,"Senecio glaberrimus","root_wet_mass",0.0742
"1904","FFU7165","12/09/2023","west",3,2400,1,"Senecio glaberrimus","root_dry_mass",0.00934
"1905","FFU7165","12/09/2023","west",3,2400,1,"Senecio glaberrimus","total_root_length",965.296483
"1906","FFU7165","12/09/2023","west",3,2400,1,"Senecio glaberrimus","total_root_volume",128.564625
"1907","FFU7165","12/09/2023","west",3,2400,1,"Senecio glaberrimus","rd",0.375633
"1908","FFU7165","12/09/2023","west",3,2400,1,"Senecio glaberrimus","bi",0.447531
"1909","FFU7165","12/09/2023","west",3,2400,1,"Senecio glaberrimus","srl",103.35080117773
"1910","FFU7165","12/09/2023","west",3,2400,1,"Senecio glaberrimus","rtd",0.0726482887497241
"1911","FFU7165","12/09/2023","west",3,2400,1,"Senecio glaberrimus","rdmc",125.876010781671
"1912","FFU7165","12/09/2023","west",3,2400,1,"Senecio glaberrimus","tuber_wet_mass",0.3228
"1913","FFU7165","12/09/2023","west",3,2400,1,"Senecio glaberrimus","tuber_dry_mass",0.06723
"1914","FFU7165","12/09/2023","west",3,2400,1,"Senecio glaberrimus","reproductive_height",37
"1915","FFU7165","12/09/2023","west",3,2400,1,"Senecio glaberrimus","veg_height",22.2
"1916","FFU7165","12/09/2023","west",3,2400,1,"Senecio glaberrimus","no_leaves",1
"1917","FFU7165","12/09/2023","west",3,2400,1,"Senecio glaberrimus","leaf_wet_mass",1.0568
"1918","FFU7165","12/09/2023","west",3,2400,1,"Senecio glaberrimus","leaf_dry_mass",0.1702
"1919","FFU7165","12/09/2023","west",3,2400,1,"Senecio glaberrimus","leaf_area",18.747
"1920","FFU7165","12/09/2023","west",3,2400,1,"Senecio glaberrimus","sla",110.146886016451
"1921","FFU7165","12/09/2023","west",3,2400,1,"Senecio glaberrimus","leaf_thickness",0.733333333333333
"1922","FFU7165","12/09/2023","west",3,2400,1,"Senecio glaberrimus","ldmc",0.161052233156699
"1923","FFU7165","12/09/2023","west",3,2400,1,"Senecio glaberrimus","bgb_agb",2.01123595505618
"1924","FFU7165","12/09/2023","west",3,2400,1,"Senecio glaberrimus","aboveground_biomass",0.89
"1925","FFU7165","12/09/2023","west",3,2400,1,"Senecio glaberrimus","belowground_biomass",1.79
"1926","FFW6775","12/13/2023","west",2,2200,3,"Harpochloa falx","root_depth",12
"1927","FFW6775","12/13/2023","west",2,2200,3,"Harpochloa falx","no_root_scan",5
"1928","FFW6775","12/13/2023","west",2,2200,3,"Harpochloa falx","root_wet_mass",0.0465
"1929","FFW6775","12/13/2023","west",2,2200,3,"Harpochloa falx","root_dry_mass",0.01905
"1930","FFW6775","12/13/2023","west",2,2200,3,"Harpochloa falx","total_root_length",1177.021662
"1931","FFW6775","12/13/2023","west",2,2200,3,"Harpochloa falx","total_root_volume",66.595081
"1932","FFW6775","12/13/2023","west",2,2200,3,"Harpochloa falx","rd",0.252332
"1933","FFW6775","12/13/2023","west",2,2200,3,"Harpochloa falx","bi",0.286316
"1934","FFW6775","12/13/2023","west",2,2200,3,"Harpochloa falx","srl",61.785914015748
"1935","FFW6775","12/13/2023","west",2,2200,3,"Harpochloa falx","rtd",0.286057163891729
"1936","FFW6775","12/13/2023","west",2,2200,3,"Harpochloa falx","rdmc",409.677419354839
"1937","FFW6775","12/13/2023","west",2,2200,3,"Harpochloa falx","tuber_wet_mass",NA
"1938","FFW6775","12/13/2023","west",2,2200,3,"Harpochloa falx","tuber_dry_mass",NA
"1939","FFW6775","12/13/2023","west",2,2200,3,"Harpochloa falx","reproductive_height",44.3
"1940","FFW6775","12/13/2023","west",2,2200,3,"Harpochloa falx","veg_height",23
"1941","FFW6775","12/13/2023","west",2,2200,3,"Harpochloa falx","no_leaves",5
"1942","FFW6775","12/13/2023","west",2,2200,3,"Harpochloa falx","leaf_wet_mass",0.686
"1943","FFW6775","12/13/2023","west",2,2200,3,"Harpochloa falx","leaf_dry_mass",0.18022
"1944","FFW6775","12/13/2023","west",2,2200,3,"Harpochloa falx","leaf_area",17.963
"1945","FFW6775","12/13/2023","west",2,2200,3,"Harpochloa falx","sla",99.6726223504606
"1946","FFW6775","12/13/2023","west",2,2200,3,"Harpochloa falx","leaf_thickness",0.354
"1947","FFW6775","12/13/2023","west",2,2200,3,"Harpochloa falx","ldmc",0.262711370262391
"1948","FFW6775","12/13/2023","west",2,2200,3,"Harpochloa falx","bgb_agb",1.2735674676525
"1949","FFW6775","12/13/2023","west",2,2200,3,"Harpochloa falx","aboveground_biomass",5.41
"1950","FFW6775","12/13/2023","west",2,2200,3,"Harpochloa falx","belowground_biomass",6.89
"1951","FFX9242","12/08/2023","northwest",5,2800,3,"Harpochloa falx","root_depth",23
"1952","FFX9242","12/08/2023","northwest",5,2800,3,"Harpochloa falx","no_root_scan",5
"1953","FFX9242","12/08/2023","northwest",5,2800,3,"Harpochloa falx","root_wet_mass",0.0747
"1954","FFX9242","12/08/2023","northwest",5,2800,3,"Harpochloa falx","root_dry_mass",0.02463
"1955","FFX9242","12/08/2023","northwest",5,2800,3,"Harpochloa falx","total_root_length",1685.012395
"1956","FFX9242","12/08/2023","northwest",5,2800,3,"Harpochloa falx","total_root_volume",166.889415
"1957","FFX9242","12/08/2023","northwest",5,2800,3,"Harpochloa falx","rd",0.319616
"1958","FFX9242","12/08/2023","northwest",5,2800,3,"Harpochloa falx","bi",0.368543
"1959","FFX9242","12/08/2023","northwest",5,2800,3,"Harpochloa falx","srl",68.4130083231831
"1960","FFX9242","12/08/2023","northwest",5,2800,3,"Harpochloa falx","rtd",0.147582757120935
"1961","FFX9242","12/08/2023","northwest",5,2800,3,"Harpochloa falx","rdmc",329.718875502008
"1962","FFX9242","12/08/2023","northwest",5,2800,3,"Harpochloa falx","tuber_wet_mass",NA
"1963","FFX9242","12/08/2023","northwest",5,2800,3,"Harpochloa falx","tuber_dry_mass",NA
"1964","FFX9242","12/08/2023","northwest",5,2800,3,"Harpochloa falx","reproductive_height",18.6
"1965","FFX9242","12/08/2023","northwest",5,2800,3,"Harpochloa falx","veg_height",10.8
"1966","FFX9242","12/08/2023","northwest",5,2800,3,"Harpochloa falx","no_leaves",5
"1967","FFX9242","12/08/2023","northwest",5,2800,3,"Harpochloa falx","leaf_wet_mass",0.4311
"1968","FFX9242","12/08/2023","northwest",5,2800,3,"Harpochloa falx","leaf_dry_mass",0.10177
"1969","FFX9242","12/08/2023","northwest",5,2800,3,"Harpochloa falx","leaf_area",15.554
"1970","FFX9242","12/08/2023","northwest",5,2800,3,"Harpochloa falx","sla",152.834823621892
"1971","FFX9242","12/08/2023","northwest",5,2800,3,"Harpochloa falx","leaf_thickness",0.361
"1972","FFX9242","12/08/2023","northwest",5,2800,3,"Harpochloa falx","ldmc",0.236070517281373
"1973","FFX9242","12/08/2023","northwest",5,2800,3,"Harpochloa falx","bgb_agb",2.03870967741935
"1974","FFX9242","12/08/2023","northwest",5,2800,3,"Harpochloa falx","aboveground_biomass",6.2
"1975","FFX9242","12/08/2023","northwest",5,2800,3,"Harpochloa falx","belowground_biomass",12.64
"1976","FFY6725","12/08/2023","west",4,2600,4,"Eragrostis capensis","root_depth",16
"1977","FFY6725","12/08/2023","west",4,2600,4,"Eragrostis capensis","no_root_scan",5
"1978","FFY6725","12/08/2023","west",4,2600,4,"Eragrostis capensis","root_wet_mass",0.0801
"1979","FFY6725","12/08/2023","west",4,2600,4,"Eragrostis capensis","root_dry_mass",0.02
"1980","FFY6725","12/08/2023","west",4,2600,4,"Eragrostis capensis","total_root_length",2294.106374
"1981","FFY6725","12/08/2023","west",4,2600,4,"Eragrostis capensis","total_root_volume",136.758801
"1982","FFY6725","12/08/2023","west",4,2600,4,"Eragrostis capensis","rd",0.252074
"1983","FFY6725","12/08/2023","west",4,2600,4,"Eragrostis capensis","bi",0.420207
"1984","FFY6725","12/08/2023","west",4,2600,4,"Eragrostis capensis","srl",114.7053187
"1985","FFY6725","12/08/2023","west",4,2600,4,"Eragrostis capensis","rtd",0.1462428732466
"1986","FFY6725","12/08/2023","west",4,2600,4,"Eragrostis capensis","rdmc",249.687890137328
"1987","FFY6725","12/08/2023","west",4,2600,4,"Eragrostis capensis","tuber_wet_mass",NA
"1988","FFY6725","12/08/2023","west",4,2600,4,"Eragrostis capensis","tuber_dry_mass",NA
"1989","FFY6725","12/08/2023","west",4,2600,4,"Eragrostis capensis","reproductive_height",30.2
"1990","FFY6725","12/08/2023","west",4,2600,4,"Eragrostis capensis","veg_height",10
"1991","FFY6725","12/08/2023","west",4,2600,4,"Eragrostis capensis","no_leaves",5
"1992","FFY6725","12/08/2023","west",4,2600,4,"Eragrostis capensis","leaf_wet_mass",0.235
"1993","FFY6725","12/08/2023","west",4,2600,4,"Eragrostis capensis","leaf_dry_mass",0.08155
"1994","FFY6725","12/08/2023","west",4,2600,4,"Eragrostis capensis","leaf_area",13.813
"1995","FFY6725","12/08/2023","west",4,2600,4,"Eragrostis capensis","sla",169.380748007357
"1996","FFY6725","12/08/2023","west",4,2600,4,"Eragrostis capensis","leaf_thickness",0.179333333333333
"1997","FFY6725","12/08/2023","west",4,2600,4,"Eragrostis capensis","ldmc",0.347021276595745
"1998","FFY6725","12/08/2023","west",4,2600,4,"Eragrostis capensis","bgb_agb",7.30246913580247
"1999","FFY6725","12/08/2023","west",4,2600,4,"Eragrostis capensis","aboveground_biomass",1.62
"2000","FFY6725","12/08/2023","west",4,2600,4,"Eragrostis capensis","belowground_biomass",11.83
"2001","FGA6390","12/09/2023","west",3,2400,3,"Eragrostis capensis","root_depth",13
"2002","FGA6390","12/09/2023","west",3,2400,3,"Eragrostis capensis","no_root_scan",5
"2003","FGA6390","12/09/2023","west",3,2400,3,"Eragrostis capensis","root_wet_mass",0.1072
"2004","FGA6390","12/09/2023","west",3,2400,3,"Eragrostis capensis","root_dry_mass",0.03386
"2005","FGA6390","12/09/2023","west",3,2400,3,"Eragrostis capensis","total_root_length",1569.506216
"2006","FGA6390","12/09/2023","west",3,2400,3,"Eragrostis capensis","total_root_volume",216.528368
"2007","FGA6390","12/09/2023","west",3,2400,3,"Eragrostis capensis","rd",0.357461
"2008","FGA6390","12/09/2023","west",3,2400,3,"Eragrostis capensis","bi",0.523094
"2009","FGA6390","12/09/2023","west",3,2400,3,"Eragrostis capensis","srl",46.3528120496161
"2010","FGA6390","12/09/2023","west",3,2400,3,"Eragrostis capensis","rtd",0.156376738589745
"2011","FGA6390","12/09/2023","west",3,2400,3,"Eragrostis capensis","rdmc",315.858208955224
"2012","FGA6390","12/09/2023","west",3,2400,3,"Eragrostis capensis","tuber_wet_mass",NA
"2013","FGA6390","12/09/2023","west",3,2400,3,"Eragrostis capensis","tuber_dry_mass",NA
"2014","FGA6390","12/09/2023","west",3,2400,3,"Eragrostis capensis","reproductive_height",27.7
"2015","FGA6390","12/09/2023","west",3,2400,3,"Eragrostis capensis","veg_height",9.9
"2016","FGA6390","12/09/2023","west",3,2400,3,"Eragrostis capensis","no_leaves",5
"2017","FGA6390","12/09/2023","west",3,2400,3,"Eragrostis capensis","leaf_wet_mass",0.1708
"2018","FGA6390","12/09/2023","west",3,2400,3,"Eragrostis capensis","leaf_dry_mass",0.05967
"2019","FGA6390","12/09/2023","west",3,2400,3,"Eragrostis capensis","leaf_area",11.079
"2020","FGA6390","12/09/2023","west",3,2400,3,"Eragrostis capensis","sla",185.671191553545
"2021","FGA6390","12/09/2023","west",3,2400,3,"Eragrostis capensis","leaf_thickness",0.168666666666667
"2022","FGA6390","12/09/2023","west",3,2400,3,"Eragrostis capensis","ldmc",0.349355971896955
"2023","FGA6390","12/09/2023","west",3,2400,3,"Eragrostis capensis","bgb_agb",6.01570680628272
"2024","FGA6390","12/09/2023","west",3,2400,3,"Eragrostis capensis","aboveground_biomass",1.91
"2025","FGA6390","12/09/2023","west",3,2400,3,"Eragrostis capensis","belowground_biomass",11.49
"2026","FGB1616","12/09/2023","west",3,2400,5,"Eragrostis capensis","root_depth",14
"2027","FGB1616","12/09/2023","west",3,2400,5,"Eragrostis capensis","no_root_scan",5
"2028","FGB1616","12/09/2023","west",3,2400,5,"Eragrostis capensis","root_wet_mass",0.0508
"2029","FGB1616","12/09/2023","west",3,2400,5,"Eragrostis capensis","root_dry_mass",0.0168
"2030","FGB1616","12/09/2023","west",3,2400,5,"Eragrostis capensis","total_root_length",622.612484
"2031","FGB1616","12/09/2023","west",3,2400,5,"Eragrostis capensis","total_root_volume",74.495702
"2032","FGB1616","12/09/2023","west",3,2400,5,"Eragrostis capensis","rd",0.326287
"2033","FGB1616","12/09/2023","west",3,2400,5,"Eragrostis capensis","bi",0.430444
"2034","FGB1616","12/09/2023","west",3,2400,5,"Eragrostis capensis","srl",37.0602669047619
"2035","FGB1616","12/09/2023","west",3,2400,5,"Eragrostis capensis","rtd",0.225516366031426
"2036","FGB1616","12/09/2023","west",3,2400,5,"Eragrostis capensis","rdmc",330.708661417323
"2037","FGB1616","12/09/2023","west",3,2400,5,"Eragrostis capensis","tuber_wet_mass",NA
"2038","FGB1616","12/09/2023","west",3,2400,5,"Eragrostis capensis","tuber_dry_mass",NA
"2039","FGB1616","12/09/2023","west",3,2400,5,"Eragrostis capensis","reproductive_height",25.1
"2040","FGB1616","12/09/2023","west",3,2400,5,"Eragrostis capensis","veg_height",13.6
"2041","FGB1616","12/09/2023","west",3,2400,5,"Eragrostis capensis","no_leaves",5
"2042","FGB1616","12/09/2023","west",3,2400,5,"Eragrostis capensis","leaf_wet_mass",0.1497
"2043","FGB1616","12/09/2023","west",3,2400,5,"Eragrostis capensis","leaf_dry_mass",0.04887
"2044","FGB1616","12/09/2023","west",3,2400,5,"Eragrostis capensis","leaf_area",8.502
"2045","FGB1616","12/09/2023","west",3,2400,5,"Eragrostis capensis","sla",173.971761817066
"2046","FGB1616","12/09/2023","west",3,2400,5,"Eragrostis capensis","leaf_thickness",0.181666666666667
"2047","FGB1616","12/09/2023","west",3,2400,5,"Eragrostis capensis","ldmc",0.326452905811623
"2048","FGB1616","12/09/2023","west",3,2400,5,"Eragrostis capensis","bgb_agb",17.6785714285714
"2049","FGB1616","12/09/2023","west",3,2400,5,"Eragrostis capensis","aboveground_biomass",0.28
"2050","FGB1616","12/09/2023","west",3,2400,5,"Eragrostis capensis","belowground_biomass",4.95
"2051","FGC0245","12/09/2023","west",3,2400,4,"Helichrysum pilosellum","root_depth",9.5
"2052","FGC0245","12/09/2023","west",3,2400,4,"Helichrysum pilosellum","no_root_scan",5
"2053","FGC0245","12/09/2023","west",3,2400,4,"Helichrysum pilosellum","root_wet_mass",0.0375
"2054","FGC0245","12/09/2023","west",3,2400,4,"Helichrysum pilosellum","root_dry_mass",0.01344
"2055","FGC0245","12/09/2023","west",3,2400,4,"Helichrysum pilosellum","total_root_length",994.078895
"2056","FGC0245","12/09/2023","west",3,2400,4,"Helichrysum pilosellum","total_root_volume",71.329736
"2057","FGC0245","12/09/2023","west",3,2400,4,"Helichrysum pilosellum","rd",0.272763
"2058","FGC0245","12/09/2023","west",3,2400,4,"Helichrysum pilosellum","bi",0.501972
"2059","FGC0245","12/09/2023","west",3,2400,4,"Helichrysum pilosellum","srl",73.9642034970238
"2060","FGC0245","12/09/2023","west",3,2400,4,"Helichrysum pilosellum","rtd",0.18842071699242
"2061","FGC0245","12/09/2023","west",3,2400,4,"Helichrysum pilosellum","rdmc",358.4
"2062","FGC0245","12/09/2023","west",3,2400,4,"Helichrysum pilosellum","tuber_wet_mass",0.789
"2063","FGC0245","12/09/2023","west",3,2400,4,"Helichrysum pilosellum","tuber_dry_mass",0.12903
"2064","FGC0245","12/09/2023","west",3,2400,4,"Helichrysum pilosellum","reproductive_height",30.4
"2065","FGC0245","12/09/2023","west",3,2400,4,"Helichrysum pilosellum","veg_height",4.7
"2066","FGC0245","12/09/2023","west",3,2400,4,"Helichrysum pilosellum","no_leaves",1
"2067","FGC0245","12/09/2023","west",3,2400,4,"Helichrysum pilosellum","leaf_wet_mass",0.6843
"2068","FGC0245","12/09/2023","west",3,2400,4,"Helichrysum pilosellum","leaf_dry_mass",0.12099
"2069","FGC0245","12/09/2023","west",3,2400,4,"Helichrysum pilosellum","leaf_area",11.784
"2070","FGC0245","12/09/2023","west",3,2400,4,"Helichrysum pilosellum","sla",97.3964790478552
"2071","FGC0245","12/09/2023","west",3,2400,4,"Helichrysum pilosellum","leaf_thickness",0.864
"2072","FGC0245","12/09/2023","west",3,2400,4,"Helichrysum pilosellum","ldmc",0.176808417360807
"2073","FGC0245","12/09/2023","west",3,2400,4,"Helichrysum pilosellum","bgb_agb",7.44318181818182
"2074","FGC0245","12/09/2023","west",3,2400,4,"Helichrysum pilosellum","aboveground_biomass",0.88
"2075","FGC0245","12/09/2023","west",3,2400,4,"Helichrysum pilosellum","belowground_biomass",6.55
"2076","FGE4515","12/09/2023","west",3,2400,1,"Eragrostis capensis","root_depth",14
"2077","FGE4515","12/09/2023","west",3,2400,1,"Eragrostis capensis","no_root_scan",5
"2078","FGE4515","12/09/2023","west",3,2400,1,"Eragrostis capensis","root_wet_mass",0.0427
"2079","FGE4515","12/09/2023","west",3,2400,1,"Eragrostis capensis","root_dry_mass",0.01717
"2080","FGE4515","12/09/2023","west",3,2400,1,"Eragrostis capensis","total_root_length",860.967233
"2081","FGE4515","12/09/2023","west",3,2400,1,"Eragrostis capensis","total_root_volume",78.317388
"2082","FGE4515","12/09/2023","west",3,2400,1,"Eragrostis capensis","rd",0.303046
"2083","FGE4515","12/09/2023","west",3,2400,1,"Eragrostis capensis","bi",0.372836
"2084","FGE4515","12/09/2023","west",3,2400,1,"Eragrostis capensis","srl",50.1436944088526
"2085","FGE4515","12/09/2023","west",3,2400,1,"Eragrostis capensis","rtd",0.219236116505826
"2086","FGE4515","12/09/2023","west",3,2400,1,"Eragrostis capensis","rdmc",402.107728337237
"2087","FGE4515","12/09/2023","west",3,2400,1,"Eragrostis capensis","tuber_wet_mass",NA
"2088","FGE4515","12/09/2023","west",3,2400,1,"Eragrostis capensis","tuber_dry_mass",NA
"2089","FGE4515","12/09/2023","west",3,2400,1,"Eragrostis capensis","reproductive_height",30.5
"2090","FGE4515","12/09/2023","west",3,2400,1,"Eragrostis capensis","veg_height",9.4
"2091","FGE4515","12/09/2023","west",3,2400,1,"Eragrostis capensis","no_leaves",5
"2092","FGE4515","12/09/2023","west",3,2400,1,"Eragrostis capensis","leaf_wet_mass",0.1902
"2093","FGE4515","12/09/2023","west",3,2400,1,"Eragrostis capensis","leaf_dry_mass",0.06281
"2094","FGE4515","12/09/2023","west",3,2400,1,"Eragrostis capensis","leaf_area",9.654
"2095","FGE4515","12/09/2023","west",3,2400,1,"Eragrostis capensis","sla",153.701639866263
"2096","FGE4515","12/09/2023","west",3,2400,1,"Eragrostis capensis","leaf_thickness",0.191666666666667
"2097","FGE4515","12/09/2023","west",3,2400,1,"Eragrostis capensis","ldmc",0.330231335436383
"2098","FGE4515","12/09/2023","west",3,2400,1,"Eragrostis capensis","bgb_agb",2.96629213483146
"2099","FGE4515","12/09/2023","west",3,2400,1,"Eragrostis capensis","aboveground_biomass",0.89
"2100","FGE4515","12/09/2023","west",3,2400,1,"Eragrostis capensis","belowground_biomass",2.64
"2101","FGF3594","12/08/2023","northwest",5,2800,5,"Harpochloa falx","root_depth",15.6
"2102","FGF3594","12/08/2023","northwest",5,2800,5,"Harpochloa falx","no_root_scan",5
"2103","FGF3594","12/08/2023","northwest",5,2800,5,"Harpochloa falx","root_wet_mass",0.0417
"2104","FGF3594","12/08/2023","northwest",5,2800,5,"Harpochloa falx","root_dry_mass",0.01555
"2105","FGF3594","12/08/2023","northwest",5,2800,5,"Harpochloa falx","total_root_length",1196.854258
"2106","FGF3594","12/08/2023","northwest",5,2800,5,"Harpochloa falx","total_root_volume",82.905509
"2107","FGF3594","12/08/2023","northwest",5,2800,5,"Harpochloa falx","rd",0.275563
"2108","FGF3594","12/08/2023","northwest",5,2800,5,"Harpochloa falx","bi",0.391025
"2109","FGF3594","12/08/2023","northwest",5,2800,5,"Harpochloa falx","srl",76.9681194855306
"2110","FGF3594","12/08/2023","northwest",5,2800,5,"Harpochloa falx","rtd",0.187562927814604
"2111","FGF3594","12/08/2023","northwest",5,2800,5,"Harpochloa falx","rdmc",372.901678657074
"2112","FGF3594","12/08/2023","northwest",5,2800,5,"Harpochloa falx","tuber_wet_mass",NA
"2113","FGF3594","12/08/2023","northwest",5,2800,5,"Harpochloa falx","tuber_dry_mass",NA
"2114","FGF3594","12/08/2023","northwest",5,2800,5,"Harpochloa falx","reproductive_height",23
"2115","FGF3594","12/08/2023","northwest",5,2800,5,"Harpochloa falx","veg_height",10.4
"2116","FGF3594","12/08/2023","northwest",5,2800,5,"Harpochloa falx","no_leaves",5
"2117","FGF3594","12/08/2023","northwest",5,2800,5,"Harpochloa falx","leaf_wet_mass",0.5815
"2118","FGF3594","12/08/2023","northwest",5,2800,5,"Harpochloa falx","leaf_dry_mass",0.14747
"2119","FGF3594","12/08/2023","northwest",5,2800,5,"Harpochloa falx","leaf_area",19.906
"2120","FGF3594","12/08/2023","northwest",5,2800,5,"Harpochloa falx","sla",134.983386451482
"2121","FGF3594","12/08/2023","northwest",5,2800,5,"Harpochloa falx","leaf_thickness",0.319333333333333
"2122","FGF3594","12/08/2023","northwest",5,2800,5,"Harpochloa falx","ldmc",0.253602751504729
"2123","FGF3594","12/08/2023","northwest",5,2800,5,"Harpochloa falx","bgb_agb",0.333333333333333
"2124","FGF3594","12/08/2023","northwest",5,2800,5,"Harpochloa falx","aboveground_biomass",8.88
"2125","FGF3594","12/08/2023","northwest",5,2800,5,"Harpochloa falx","belowground_biomass",2.96
"2126","FGG8281","12/08/2023","west",4,2600,5,"Eragrostis capensis","root_depth",17
"2127","FGG8281","12/08/2023","west",4,2600,5,"Eragrostis capensis","no_root_scan",5
"2128","FGG8281","12/08/2023","west",4,2600,5,"Eragrostis capensis","root_wet_mass",0.0752
"2129","FGG8281","12/08/2023","west",4,2600,5,"Eragrostis capensis","root_dry_mass",0.02498
"2130","FGG8281","12/08/2023","west",4,2600,5,"Eragrostis capensis","total_root_length",1706.601931
"2131","FGG8281","12/08/2023","west",4,2600,5,"Eragrostis capensis","total_root_volume",134.684547
"2132","FGG8281","12/08/2023","west",4,2600,5,"Eragrostis capensis","rd",0.282291
"2133","FGG8281","12/08/2023","west",4,2600,5,"Eragrostis capensis","bi",0.358021
"2134","FGG8281","12/08/2023","west",4,2600,5,"Eragrostis capensis","srl",68.3187322257806
"2135","FGG8281","12/08/2023","west",4,2600,5,"Eragrostis capensis","rtd",0.18547042371535
"2136","FGG8281","12/08/2023","west",4,2600,5,"Eragrostis capensis","rdmc",332.18085106383
"2137","FGG8281","12/08/2023","west",4,2600,5,"Eragrostis capensis","tuber_wet_mass",NA
"2138","FGG8281","12/08/2023","west",4,2600,5,"Eragrostis capensis","tuber_dry_mass",NA
"2139","FGG8281","12/08/2023","west",4,2600,5,"Eragrostis capensis","reproductive_height",13
"2140","FGG8281","12/08/2023","west",4,2600,5,"Eragrostis capensis","veg_height",17
"2141","FGG8281","12/08/2023","west",4,2600,5,"Eragrostis capensis","no_leaves",5
"2142","FGG8281","12/08/2023","west",4,2600,5,"Eragrostis capensis","leaf_wet_mass",0.1677
"2143","FGG8281","12/08/2023","west",4,2600,5,"Eragrostis capensis","leaf_dry_mass",0.05813
"2144","FGG8281","12/08/2023","west",4,2600,5,"Eragrostis capensis","leaf_area",9.824
"2145","FGG8281","12/08/2023","west",4,2600,5,"Eragrostis capensis","sla",169.000516084638
"2146","FGG8281","12/08/2023","west",4,2600,5,"Eragrostis capensis","leaf_thickness",0.155
"2147","FGG8281","12/08/2023","west",4,2600,5,"Eragrostis capensis","ldmc",0.346630888491354
"2148","FGG8281","12/08/2023","west",4,2600,5,"Eragrostis capensis","bgb_agb",3.56746031746032
"2149","FGG8281","12/08/2023","west",4,2600,5,"Eragrostis capensis","aboveground_biomass",2.52
"2150","FGG8281","12/08/2023","west",4,2600,5,"Eragrostis capensis","belowground_biomass",8.99
"2151","FGI9956","12/09/2023","west",3,2400,4,"Harpochloa falx","root_depth",12
"2152","FGI9956","12/09/2023","west",3,2400,4,"Harpochloa falx","no_root_scan",5
"2153","FGI9956","12/09/2023","west",3,2400,4,"Harpochloa falx","root_wet_mass",0.0812
"2154","FGI9956","12/09/2023","west",3,2400,4,"Harpochloa falx","root_dry_mass",0.03149
"2155","FGI9956","12/09/2023","west",3,2400,4,"Harpochloa falx","total_root_length",1176.831269
"2156","FGI9956","12/09/2023","west",3,2400,4,"Harpochloa falx","total_root_volume",121.855568
"2157","FGI9956","12/09/2023","west",3,2400,4,"Harpochloa falx","rd",0.319302
"2158","FGI9956","12/09/2023","west",3,2400,4,"Harpochloa falx","bi",0.237927
"2159","FGI9956","12/09/2023","west",3,2400,4,"Harpochloa falx","srl",37.3715868212131
"2160","FGI9956","12/09/2023","west",3,2400,4,"Harpochloa falx","rtd",0.258420690304443
"2161","FGI9956","12/09/2023","west",3,2400,4,"Harpochloa falx","rdmc",387.807881773399
"2162","FGI9956","12/09/2023","west",3,2400,4,"Harpochloa falx","tuber_wet_mass",NA
"2163","FGI9956","12/09/2023","west",3,2400,4,"Harpochloa falx","tuber_dry_mass",NA
"2164","FGI9956","12/09/2023","west",3,2400,4,"Harpochloa falx","reproductive_height",18.5
"2165","FGI9956","12/09/2023","west",3,2400,4,"Harpochloa falx","veg_height",16
"2166","FGI9956","12/09/2023","west",3,2400,4,"Harpochloa falx","no_leaves",5
"2167","FGI9956","12/09/2023","west",3,2400,4,"Harpochloa falx","leaf_wet_mass",0.6889
"2168","FGI9956","12/09/2023","west",3,2400,4,"Harpochloa falx","leaf_dry_mass",0.15852
"2169","FGI9956","12/09/2023","west",3,2400,4,"Harpochloa falx","leaf_area",21.095
"2170","FGI9956","12/09/2023","west",3,2400,4,"Harpochloa falx","sla",133.074690890739
"2171","FGI9956","12/09/2023","west",3,2400,4,"Harpochloa falx","leaf_thickness",0.374
"2172","FGI9956","12/09/2023","west",3,2400,4,"Harpochloa falx","ldmc",0.230105966032806
"2173","FGI9956","12/09/2023","west",3,2400,4,"Harpochloa falx","bgb_agb",0.827493261455526
"2174","FGI9956","12/09/2023","west",3,2400,4,"Harpochloa falx","aboveground_biomass",11.13
"2175","FGI9956","12/09/2023","west",3,2400,4,"Harpochloa falx","belowground_biomass",9.21
"2176","FGJ9233","12/09/2023","west",3,2400,2,"Eragrostis capensis","root_depth",11
"2177","FGJ9233","12/09/2023","west",3,2400,2,"Eragrostis capensis","no_root_scan",5
"2178","FGJ9233","12/09/2023","west",3,2400,2,"Eragrostis capensis","root_wet_mass",0.0449
"2179","FGJ9233","12/09/2023","west",3,2400,2,"Eragrostis capensis","root_dry_mass",0.01387
"2180","FGJ9233","12/09/2023","west",3,2400,2,"Eragrostis capensis","total_root_length",2066.733494
"2181","FGJ9233","12/09/2023","west",3,2400,2,"Eragrostis capensis","total_root_volume",103.190068
"2182","FGJ9233","12/09/2023","west",3,2400,2,"Eragrostis capensis","rd",0.232929
"2183","FGJ9233","12/09/2023","west",3,2400,2,"Eragrostis capensis","bi",0.438857
"2184","FGJ9233","12/09/2023","west",3,2400,2,"Eragrostis capensis","srl",149.007461715934
"2185","FGJ9233","12/09/2023","west",3,2400,2,"Eragrostis capensis","rtd",0.134412160674223
"2186","FGJ9233","12/09/2023","west",3,2400,2,"Eragrostis capensis","rdmc",308.90868596882
"2187","FGJ9233","12/09/2023","west",3,2400,2,"Eragrostis capensis","tuber_wet_mass",NA
"2188","FGJ9233","12/09/2023","west",3,2400,2,"Eragrostis capensis","tuber_dry_mass",NA
"2189","FGJ9233","12/09/2023","west",3,2400,2,"Eragrostis capensis","reproductive_height",20.1
"2190","FGJ9233","12/09/2023","west",3,2400,2,"Eragrostis capensis","veg_height",6.9
"2191","FGJ9233","12/09/2023","west",3,2400,2,"Eragrostis capensis","no_leaves",5
"2192","FGJ9233","12/09/2023","west",3,2400,2,"Eragrostis capensis","leaf_wet_mass",0.1831
"2193","FGJ9233","12/09/2023","west",3,2400,2,"Eragrostis capensis","leaf_dry_mass",0.06427
"2194","FGJ9233","12/09/2023","west",3,2400,2,"Eragrostis capensis","leaf_area",10.8
"2195","FGJ9233","12/09/2023","west",3,2400,2,"Eragrostis capensis","sla",168.04107670764
"2196","FGJ9233","12/09/2023","west",3,2400,2,"Eragrostis capensis","leaf_thickness",0.187
"2197","FGJ9233","12/09/2023","west",3,2400,2,"Eragrostis capensis","ldmc",0.351010376843255
"2198","FGJ9233","12/09/2023","west",3,2400,2,"Eragrostis capensis","bgb_agb",1.79850746268657
"2199","FGJ9233","12/09/2023","west",3,2400,2,"Eragrostis capensis","aboveground_biomass",1.34
"2200","FGJ9233","12/09/2023","west",3,2400,2,"Eragrostis capensis","belowground_biomass",2.41
"2201","FGK3505","12/08/2023","west",4,2600,3,"Harpochloa falx","root_depth",11.2
"2202","FGK3505","12/08/2023","west",4,2600,3,"Harpochloa falx","no_root_scan",5
"2203","FGK3505","12/08/2023","west",4,2600,3,"Harpochloa falx","root_wet_mass",0.0683
"2204","FGK3505","12/08/2023","west",4,2600,3,"Harpochloa falx","root_dry_mass",0.03345
"2205","FGK3505","12/08/2023","west",4,2600,3,"Harpochloa falx","total_root_length",1634.273812
"2206","FGK3505","12/08/2023","west",4,2600,3,"Harpochloa falx","total_root_volume",140.464301
"2207","FGK3505","12/08/2023","west",4,2600,3,"Harpochloa falx","rd",0.300633
"2208","FGK3505","12/08/2023","west",4,2600,3,"Harpochloa falx","bi",0.49135
"2209","FGK3505","12/08/2023","west",4,2600,3,"Harpochloa falx","srl",48.8572141106129
"2210","FGK3505","12/08/2023","west",4,2600,3,"Harpochloa falx","rtd",0.238138799409253
"2211","FGK3505","12/08/2023","west",4,2600,3,"Harpochloa falx","rdmc",489.751098096633
"2212","FGK3505","12/08/2023","west",4,2600,3,"Harpochloa falx","tuber_wet_mass",NA
"2213","FGK3505","12/08/2023","west",4,2600,3,"Harpochloa falx","tuber_dry_mass",NA
"2214","FGK3505","12/08/2023","west",4,2600,3,"Harpochloa falx","reproductive_height",22.5
"2215","FGK3505","12/08/2023","west",4,2600,3,"Harpochloa falx","veg_height",10.1
"2216","FGK3505","12/08/2023","west",4,2600,3,"Harpochloa falx","no_leaves",5
"2217","FGK3505","12/08/2023","west",4,2600,3,"Harpochloa falx","leaf_wet_mass",0.5442
"2218","FGK3505","12/08/2023","west",4,2600,3,"Harpochloa falx","leaf_dry_mass",0.13154
"2219","FGK3505","12/08/2023","west",4,2600,3,"Harpochloa falx","leaf_area",18.328
"2220","FGK3505","12/08/2023","west",4,2600,3,"Harpochloa falx","sla",139.334042876692
"2221","FGK3505","12/08/2023","west",4,2600,3,"Harpochloa falx","leaf_thickness",0.394333333333333
"2222","FGK3505","12/08/2023","west",4,2600,3,"Harpochloa falx","ldmc",0.241712605659684
"2223","FGK3505","12/08/2023","west",4,2600,3,"Harpochloa falx","bgb_agb",2.26548672566372
"2224","FGK3505","12/08/2023","west",4,2600,3,"Harpochloa falx","aboveground_biomass",1.13
"2225","FGK3505","12/08/2023","west",4,2600,3,"Harpochloa falx","belowground_biomass",2.56
"2226","FGM0803","12/08/2023","northwest",5,2800,1,"Harpochloa falx","root_depth",14.2
"2227","FGM0803","12/08/2023","northwest",5,2800,1,"Harpochloa falx","no_root_scan",5
"2228","FGM0803","12/08/2023","northwest",5,2800,1,"Harpochloa falx","root_wet_mass",0.0572
"2229","FGM0803","12/08/2023","northwest",5,2800,1,"Harpochloa falx","root_dry_mass",0.02152
"2230","FGM0803","12/08/2023","northwest",5,2800,1,"Harpochloa falx","total_root_length",1185.570983
"2231","FGM0803","12/08/2023","northwest",5,2800,1,"Harpochloa falx","total_root_volume",80.235187
"2232","FGM0803","12/08/2023","northwest",5,2800,1,"Harpochloa falx","rd",0.268667
"2233","FGM0803","12/08/2023","northwest",5,2800,1,"Harpochloa falx","bi",0.352573
"2234","FGM0803","12/08/2023","northwest",5,2800,1,"Harpochloa falx","srl",55.091588429368
"2235","FGM0803","12/08/2023","northwest",5,2800,1,"Harpochloa falx","rtd",0.268211501769168
"2236","FGM0803","12/08/2023","northwest",5,2800,1,"Harpochloa falx","rdmc",376.223776223776
"2237","FGM0803","12/08/2023","northwest",5,2800,1,"Harpochloa falx","tuber_wet_mass",NA
"2238","FGM0803","12/08/2023","northwest",5,2800,1,"Harpochloa falx","tuber_dry_mass",NA
"2239","FGM0803","12/08/2023","northwest",5,2800,1,"Harpochloa falx","reproductive_height",19.5
"2240","FGM0803","12/08/2023","northwest",5,2800,1,"Harpochloa falx","veg_height",11
"2241","FGM0803","12/08/2023","northwest",5,2800,1,"Harpochloa falx","no_leaves",5
"2242","FGM0803","12/08/2023","northwest",5,2800,1,"Harpochloa falx","leaf_wet_mass",0.547
"2243","FGM0803","12/08/2023","northwest",5,2800,1,"Harpochloa falx","leaf_dry_mass",0.14015
"2244","FGM0803","12/08/2023","northwest",5,2800,1,"Harpochloa falx","leaf_area",16.866
"2245","FGM0803","12/08/2023","northwest",5,2800,1,"Harpochloa falx","sla",120.342490189083
"2246","FGM0803","12/08/2023","northwest",5,2800,1,"Harpochloa falx","leaf_thickness",0.328
"2247","FGM0803","12/08/2023","northwest",5,2800,1,"Harpochloa falx","ldmc",0.256215722120658
"2248","FGM0803","12/08/2023","northwest",5,2800,1,"Harpochloa falx","bgb_agb",3.63100436681223
"2249","FGM0803","12/08/2023","northwest",5,2800,1,"Harpochloa falx","aboveground_biomass",4.58
"2250","FGM0803","12/08/2023","northwest",5,2800,1,"Harpochloa falx","belowground_biomass",16.63
"2251","FGN0784","12/08/2023","northwest",5,2800,2,"Harpochloa falx","root_depth",21.1
"2252","FGN0784","12/08/2023","northwest",5,2800,2,"Harpochloa falx","no_root_scan",5
"2253","FGN0784","12/08/2023","northwest",5,2800,2,"Harpochloa falx","root_wet_mass",0.0298
"2254","FGN0784","12/08/2023","northwest",5,2800,2,"Harpochloa falx","root_dry_mass",0.01037
"2255","FGN0784","12/08/2023","northwest",5,2800,2,"Harpochloa falx","total_root_length",1029.429507
"2256","FGN0784","12/08/2023","northwest",5,2800,2,"Harpochloa falx","total_root_volume",69.112244
"2257","FGN0784","12/08/2023","northwest",5,2800,2,"Harpochloa falx","rd",0.268579
"2258","FGN0784","12/08/2023","northwest",5,2800,2,"Harpochloa falx","bi",0.305995
"2259","FGN0784","12/08/2023","northwest",5,2800,2,"Harpochloa falx","srl",99.269962102218
"2260","FGN0784","12/08/2023","northwest",5,2800,2,"Harpochloa falx","rtd",0.150045771918504
"2261","FGN0784","12/08/2023","northwest",5,2800,2,"Harpochloa falx","rdmc",347.986577181208
"2262","FGN0784","12/08/2023","northwest",5,2800,2,"Harpochloa falx","tuber_wet_mass",NA
"2263","FGN0784","12/08/2023","northwest",5,2800,2,"Harpochloa falx","tuber_dry_mass",NA
"2264","FGN0784","12/08/2023","northwest",5,2800,2,"Harpochloa falx","reproductive_height",17
"2265","FGN0784","12/08/2023","northwest",5,2800,2,"Harpochloa falx","veg_height",8.1
"2266","FGN0784","12/08/2023","northwest",5,2800,2,"Harpochloa falx","no_leaves",5
"2267","FGN0784","12/08/2023","northwest",5,2800,2,"Harpochloa falx","leaf_wet_mass",0.4848
"2268","FGN0784","12/08/2023","northwest",5,2800,2,"Harpochloa falx","leaf_dry_mass",0.12216
"2269","FGN0784","12/08/2023","northwest",5,2800,2,"Harpochloa falx","leaf_area",17.529
"2270","FGN0784","12/08/2023","northwest",5,2800,2,"Harpochloa falx","sla",143.492141453831
"2271","FGN0784","12/08/2023","northwest",5,2800,2,"Harpochloa falx","leaf_thickness",0.284
"2272","FGN0784","12/08/2023","northwest",5,2800,2,"Harpochloa falx","ldmc",0.251980198019802
"2273","FGN0784","12/08/2023","northwest",5,2800,2,"Harpochloa falx","bgb_agb",4.92148760330579
"2274","FGN0784","12/08/2023","northwest",5,2800,2,"Harpochloa falx","aboveground_biomass",2.42
"2275","FGN0784","12/08/2023","northwest",5,2800,2,"Harpochloa falx","belowground_biomass",11.91
"2276","FGO9191","12/08/2023","west",4,2600,2,"Eragrostis capensis","root_depth",15.4
"2277","FGO9191","12/08/2023","west",4,2600,2,"Eragrostis capensis","no_root_scan",4
"2278","FGO9191","12/08/2023","west",4,2600,2,"Eragrostis capensis","root_wet_mass",0.0515
"2279","FGO9191","12/08/2023","west",4,2600,2,"Eragrostis capensis","root_dry_mass",0.0144
"2280","FGO9191","12/08/2023","west",4,2600,2,"Eragrostis capensis","total_root_length",1098.931528
"2281","FGO9191","12/08/2023","west",4,2600,2,"Eragrostis capensis","total_root_volume",114.766749
"2282","FGO9191","12/08/2023","west",4,2600,2,"Eragrostis capensis","rd",0.324198
"2283","FGO9191","12/08/2023","west",4,2600,2,"Eragrostis capensis","bi",0.450438
"2284","FGO9191","12/08/2023","west",4,2600,2,"Eragrostis capensis","srl",76.3146894444445
"2285","FGO9191","12/08/2023","west",4,2600,2,"Eragrostis capensis","rtd",0.12547188210411
"2286","FGO9191","12/08/2023","west",4,2600,2,"Eragrostis capensis","rdmc",279.611650485437
"2287","FGO9191","12/08/2023","west",4,2600,2,"Eragrostis capensis","tuber_wet_mass",NA
"2288","FGO9191","12/08/2023","west",4,2600,2,"Eragrostis capensis","tuber_dry_mass",NA
"2289","FGO9191","12/08/2023","west",4,2600,2,"Eragrostis capensis","reproductive_height",10
"2290","FGO9191","12/08/2023","west",4,2600,2,"Eragrostis capensis","veg_height",6
"2291","FGO9191","12/08/2023","west",4,2600,2,"Eragrostis capensis","no_leaves",5
"2292","FGO9191","12/08/2023","west",4,2600,2,"Eragrostis capensis","leaf_wet_mass",0.8
"2293","FGO9191","12/08/2023","west",4,2600,2,"Eragrostis capensis","leaf_dry_mass",0.02
"2294","FGO9191","12/08/2023","west",4,2600,2,"Eragrostis capensis","leaf_area",5.339
"2295","FGO9191","12/08/2023","west",4,2600,2,"Eragrostis capensis","sla",266.95
"2296","FGO9191","12/08/2023","west",4,2600,2,"Eragrostis capensis","leaf_thickness",0.161333333333333
"2297","FGO9191","12/08/2023","west",4,2600,2,"Eragrostis capensis","ldmc",0.025
"2298","FGO9191","12/08/2023","west",4,2600,2,"Eragrostis capensis","bgb_agb",2.15
"2299","FGO9191","12/08/2023","west",4,2600,2,"Eragrostis capensis","aboveground_biomass",0.4
"2300","FGO9191","12/08/2023","west",4,2600,2,"Eragrostis capensis","belowground_biomass",0.86
